code5,code6,pref_code,pref_name,name,kind,parent_code5,population,population_ref_date
01000,010006,01,北海道,北海道,prefecture,,4996492,2026-01-01
01100,011002,01,北海道,札幌市,designated_city,,1954588,2026-01-01
01202,012025,01,北海道,函館市,city,,232760,2026-01-01
01203,012033,01,北海道,小樽市,city,,102385,2026-01-01
01204,012041,01,北海道,旭川市,city,,312209,2026-01-01
01205,012050,01,北海道,室蘭市,city,,73201,2026-01-01
01206,012068,01,北海道,釧路市,city,,151566,2026-01-01
01207,012076,01,北海道,帯広市,city,,159294,2026-01-01
01208,012084,01,北海道,北見市,city,,108170,2026-01-01
01209,012092,01,北海道,夕張市,city,,5766,2026-01-01
01210,012106,01,北海道,岩見沢市,city,,72771,2026-01-01
01211,012114,01,北海道,網走市,city,,31518,2026-01-01
01212,012122,01,北海道,留萌市,city,,17644,2026-01-01
01213,012131,01,北海道,苫小牧市,city,,164111,2026-01-01
01214,012149,01,北海道,稚内市,city,,29492,2026-01-01
01215,012157,01,北海道,美唄市,city,,17904,2026-01-01
01216,012165,01,北海道,芦別市,city,,10859,2026-01-01
01217,012173,01,北海道,江別市,city,,117761,2026-01-01
01218,012181,01,北海道,赤平市,city,,8150,2026-01-01
01219,012190,01,北海道,紋別市,city,,19409,2026-01-01
01220,012203,01,北海道,士別市,city,,16001,2026-01-01
01221,012211,01,北海道,名寄市,city,,24168,2026-01-01
01222,012220,01,北海道,三笠市,city,,6989,2026-01-01
01223,012238,01,北海道,根室市,city,,21918,2026-01-01
01224,012246,01,北海道,千歳市,city,,97032,2026-01-01
01225,012254,01,北海道,滝川市,city,,35851,2026-01-01
01226,012262,01,北海道,砂川市,city,,15015,2026-01-01
01227,012271,01,北海道,歌志内市,city,,2473,2026-01-01
01228,012289,01,北海道,深川市,city,,17842,2026-01-01
01229,012297,01,北海道,富良野市,city,,19394,2026-01-01
01230,012301,01,北海道,登別市,city,,42727,2026-01-01
01231,012319,01,北海道,恵庭市,city,,70159,2026-01-01
01233,012335,01,北海道,伊達市,city,,30536,2026-01-01
01234,012343,01,北海道,北広島市,city,,56109,2026-01-01
01235,012351,01,北海道,石狩市,city,,56844,2026-01-01
01236,012360,01,北海道,北斗市,city,,42159,2026-01-01
01303,013030,01,北海道,当別町,town,,14974,2026-01-01
01304,013048,01,北海道,新篠津村,village,,2686,2026-01-01
01331,013315,01,北海道,松前町,town,,5603,2026-01-01
01332,013323,01,北海道,福島町,town,,3278,2026-01-01
01333,013331,01,北海道,知内町,town,,3700,2026-01-01
01334,013340,01,北海道,木古内町,town,,3404,2026-01-01
01337,013374,01,北海道,七飯町,town,,26824,2026-01-01
01343,013439,01,北海道,鹿部町,town,,3467,2026-01-01
01345,013455,01,北海道,森町,town,,13268,2026-01-01
01346,013463,01,北海道,八雲町,town,,14178,2026-01-01
01347,013471,01,北海道,長万部町,town,,4588,2026-01-01
01361,013617,01,北海道,江差町,town,,6399,2026-01-01
01362,013625,01,北海道,上ノ国町,town,,3993,2026-01-01
01363,013633,01,北海道,厚沢部町,town,,3197,2026-01-01
01364,013641,01,北海道,乙部町,town,,3019,2026-01-01
01367,013676,01,北海道,奥尻町,town,,2081,2026-01-01
01370,013706,01,北海道,今金町,town,,4331,2026-01-01
01371,013714,01,北海道,せたな町,town,,6453,2026-01-01
01391,013919,01,北海道,島牧村,village,,1234,2026-01-01
01392,013927,01,北海道,寿都町,town,,2534,2026-01-01
01393,013935,01,北海道,黒松内町,town,,2335,2026-01-01
01394,013943,01,北海道,蘭越町,town,,4429,2026-01-01
01395,013951,01,北海道,ニセコ町,town,,5658,2026-01-01
01396,013960,01,北海道,真狩村,village,,1932,2026-01-01
01397,013978,01,北海道,留寿都村,village,,2062,2026-01-01
01398,013986,01,北海道,喜茂別町,town,,1928,2026-01-01
01399,013994,01,北海道,京極町,town,,2752,2026-01-01
01400,014001,01,北海道,倶知安町,town,,17397,2026-01-01
01401,014010,01,北海道,共和町,town,,5324,2026-01-01
01402,014028,01,北海道,岩内町,town,,10644,2026-01-01
01403,014036,01,北海道,泊村,village,,1379,2026-01-01
01404,014044,01,北海道,神恵内村,village,,718,2026-01-01
01405,014052,01,北海道,積丹町,town,,1617,2026-01-01
01406,014061,01,北海道,古平町,town,,2510,2026-01-01
01407,014079,01,北海道,仁木町,town,,3014,2026-01-01
01408,014087,01,北海道,余市町,town,,16676,2026-01-01
01409,014095,01,北海道,赤井川村,village,,1475,2026-01-01
01423,014231,01,北海道,南幌町,town,,8181,2026-01-01
01424,014249,01,北海道,奈井江町,town,,4604,2026-01-01
01425,014257,01,北海道,上砂川町,town,,2252,2026-01-01
01427,014273,01,北海道,由仁町,town,,4457,2026-01-01
01428,014281,01,北海道,長沼町,town,,9757,2026-01-01
01429,014290,01,北海道,栗山町,town,,10498,2026-01-01
01430,014303,01,北海道,月形町,town,,2624,2026-01-01
01431,014311,01,北海道,浦臼町,town,,1540,2026-01-01
01432,014320,01,北海道,新十津川町,town,,6137,2026-01-01
01433,014338,01,北海道,妹背牛町,town,,2517,2026-01-01
01434,014346,01,北海道,秩父別町,town,,2122,2026-01-01
01436,014362,01,北海道,雨竜町,town,,1987,2026-01-01
01437,014371,01,北海道,北竜町,town,,1551,2026-01-01
01438,014389,01,北海道,沼田町,town,,2717,2026-01-01
01452,014524,01,北海道,鷹栖町,town,,6414,2026-01-01
01453,014532,01,北海道,東神楽町,town,,9660,2026-01-01
01454,014541,01,北海道,当麻町,town,,5923,2026-01-01
01455,014559,01,北海道,比布町,town,,3312,2026-01-01
01456,014567,01,北海道,愛別町,town,,2332,2026-01-01
01457,014575,01,北海道,上川町,town,,3013,2026-01-01
01458,014583,01,北海道,東川町,town,,8695,2026-01-01
01459,014591,01,北海道,美瑛町,town,,9143,2026-01-01
01460,014605,01,北海道,上富良野町,town,,9484,2026-01-01
01461,014613,01,北海道,中富良野町,town,,4376,2026-01-01
01462,014621,01,北海道,南富良野町,town,,2160,2026-01-01
01463,014630,01,北海道,占冠村,village,,1523,2026-01-01
01464,014648,01,北海道,和寒町,town,,2747,2026-01-01
01465,014656,01,北海道,剣淵町,town,,2695,2026-01-01
01468,014681,01,北海道,下川町,town,,2764,2026-01-01
01469,014699,01,北海道,美深町,town,,3567,2026-01-01
01470,014702,01,北海道,音威子府村,village,,588,2026-01-01
01471,014711,01,北海道,中川町,town,,1259,2026-01-01
01472,014729,01,北海道,幌加内町,town,,1198,2026-01-01
01481,014818,01,北海道,増毛町,town,,3522,2026-01-01
01482,014826,01,北海道,小平町,town,,2565,2026-01-01
01483,014834,01,北海道,苫前町,town,,2630,2026-01-01
01484,014842,01,北海道,羽幌町,town,,5766,2026-01-01
01485,014851,01,北海道,初山別村,village,,959,2026-01-01
01486,014869,01,北海道,遠別町,town,,2182,2026-01-01
01487,014877,01,北海道,天塩町,town,,2543,2026-01-01
01511,015113,01,北海道,猿払村,village,,2559,2026-01-01
01512,015121,01,北海道,浜頓別町,town,,3162,2026-01-01
01513,015130,01,北海道,中頓別町,town,,1421,2026-01-01
01514,015148,01,北海道,枝幸町,town,,7012,2026-01-01
01516,015164,01,北海道,豊富町,town,,3437,2026-01-01
01517,015172,01,北海道,礼文町,town,,2142,2026-01-01
01518,015181,01,北海道,利尻町,town,,1798,2026-01-01
01519,015199,01,北海道,利尻富士町,town,,2072,2026-01-01
01520,015202,01,北海道,幌延町,town,,2011,2026-01-01
01543,015431,01,北海道,美幌町,town,,16830,2026-01-01
01544,015440,01,北海道,津別町,town,,3881,2026-01-01
01545,015458,01,北海道,斜里町,town,,10264,2026-01-01
01546,015466,01,北海道,清里町,town,,3567,2026-01-01
01547,015474,01,北海道,小清水町,town,,4255,2026-01-01
01549,015491,01,北海道,訓子府町,town,,4374,2026-01-01
01550,015504,01,北海道,置戸町,town,,2461,2026-01-01
01552,015521,01,北海道,佐呂間町,town,,4577,2026-01-01
01555,015555,01,北海道,遠軽町,town,,17113,2026-01-01
01559,015598,01,北海道,湧別町,town,,7783,2026-01-01
01560,015601,01,北海道,滝上町,town,,2164,2026-01-01
01561,015610,01,北海道,興部町,town,,3422,2026-01-01
01562,015628,01,北海道,西興部村,village,,936,2026-01-01
01563,015636,01,北海道,雄武町,town,,3917,2026-01-01
01564,015644,01,北海道,大空町,town,,6279,2026-01-01
01571,015717,01,北海道,豊浦町,town,,3430,2026-01-01
01575,015750,01,北海道,壮瞥町,town,,2223,2026-01-01
01578,015784,01,北海道,白老町,town,,14713,2026-01-01
01581,015814,01,北海道,厚真町,town,,4218,2026-01-01
01584,015849,01,北海道,洞爺湖町,town,,7743,2026-01-01
01585,015857,01,北海道,安平町,town,,7234,2026-01-01
01586,015865,01,北海道,むかわ町,town,,7091,2026-01-01
01601,016012,01,北海道,日高町,town,,10767,2026-01-01
01602,016021,01,北海道,平取町,town,,4361,2026-01-01
01604,016047,01,北海道,新冠町,town,,4948,2026-01-01
01607,016071,01,北海道,浦河町,town,,11028,2026-01-01
01608,016080,01,北海道,様似町,town,,3680,2026-01-01
01609,016098,01,北海道,えりも町,town,,3934,2026-01-01
01610,016101,01,北海道,新ひだか町,town,,19788,2026-01-01
01631,016314,01,北海道,音更町,town,,42240,2026-01-01
01632,016322,01,北海道,士幌町,town,,5611,2026-01-01
01633,016331,01,北海道,上士幌町,town,,4677,2026-01-01
01634,016349,01,北海道,鹿追町,town,,4828,2026-01-01
01635,016357,01,北海道,新得町,town,,5476,2026-01-01
01636,016365,01,北海道,清水町,town,,8630,2026-01-01
01637,016373,01,北海道,芽室町,town,,17573,2026-01-01
01638,016381,01,北海道,中札内村,village,,3822,2026-01-01
01639,016390,01,北海道,更別村,village,,3052,2026-01-01
01641,016411,01,北海道,大樹町,town,,5169,2026-01-01
01642,016420,01,北海道,広尾町,town,,5735,2026-01-01
01643,016438,01,北海道,幕別町,town,,25038,2026-01-01
01644,016446,01,北海道,池田町,town,,5773,2026-01-01
01645,016454,01,北海道,豊頃町,town,,2782,2026-01-01
01646,016462,01,北海道,本別町,town,,5856,2026-01-01
01647,016471,01,北海道,足寄町,town,,5775,2026-01-01
01648,016489,01,北海道,陸別町,town,,2044,2026-01-01
01649,016497,01,北海道,浦幌町,town,,3999,2026-01-01
01661,016616,01,北海道,釧路町,town,,18021,2026-01-01
01662,016624,01,北海道,厚岸町,town,,7976,2026-01-01
01663,016632,01,北海道,浜中町,town,,5172,2026-01-01
01664,016641,01,北海道,標茶町,town,,6698,2026-01-01
01665,016659,01,北海道,弟子屈町,town,,6327,2026-01-01
01667,016675,01,北海道,鶴居村,village,,2368,2026-01-01
01668,016683,01,北海道,白糠町,town,,6840,2026-01-01
01691,016918,01,北海道,別海町,town,,13748,2026-01-01
01692,016926,01,北海道,中標津町,town,,22022,2026-01-01
01693,016934,01,北海道,標津町,town,,4688,2026-01-01
01694,016942,01,北海道,羅臼町,town,,4157,2026-01-01
02000,020001,02,青森県,青森県,prefecture,,1166578,2026-01-01
02201,022012,02,青森県,青森市,city,,259352,2026-01-01
02202,022021,02,青森県,弘前市,city,,157375,2026-01-01
02203,022039,02,青森県,八戸市,city,,212279,2026-01-01
02204,022047,02,青森県,黒石市,city,,29863,2026-01-01
02205,022055,02,青森県,五所川原市,city,,48900,2026-01-01
02206,022063,02,青森県,十和田市,city,,56664,2026-01-01
02207,022071,02,青森県,三沢市,city,,37073,2026-01-01
02208,022080,02,青森県,むつ市,city,,50521,2026-01-01
02209,022098,02,青森県,つがる市,city,,28166,2026-01-01
02210,022101,02,青森県,平川市,city,,28969,2026-01-01
02301,023019,02,青森県,平内町,town,,9506,2026-01-01
02303,023035,02,青森県,今別町,town,,1996,2026-01-01
02304,023043,02,青森県,蓬田村,village,,2360,2026-01-01
02307,023078,02,青森県,外ヶ浜町,town,,4803,2026-01-01
02321,023213,02,青森県,鰺ヶ沢町,town,,8250,2026-01-01
02323,023230,02,青森県,深浦町,town,,6584,2026-01-01
02343,023434,02,青森県,西目屋村,village,,1166,2026-01-01
02361,023612,02,青森県,藤崎町,town,,14091,2026-01-01
02362,023621,02,青森県,大鰐町,town,,8009,2026-01-01
02367,023671,02,青森県,田舎館村,village,,7131,2026-01-01
02381,023817,02,青森県,板柳町,town,,11955,2026-01-01
02384,023841,02,青森県,鶴田町,town,,11228,2026-01-01
02387,023876,02,青森県,中泊町,town,,9112,2026-01-01
02401,024015,02,青森県,野辺地町,town,,11539,2026-01-01
02402,024023,02,青森県,七戸町,town,,13673,2026-01-01
02405,024058,02,青森県,六戸町,town,,10419,2026-01-01
02406,024066,02,青森県,横浜町,town,,3937,2026-01-01
02408,024082,02,青森県,東北町,town,,15671,2026-01-01
02411,024112,02,青森県,六ヶ所村,village,,9559,2026-01-01
02412,024121,02,青森県,おいらせ町,town,,25026,2026-01-01
02423,024236,02,青森県,大間町,town,,4564,2026-01-01
02424,024244,02,青森県,東通村,village,,5415,2026-01-01
02425,024252,02,青森県,風間浦村,village,,1491,2026-01-01
02426,024261,02,青森県,佐井村,village,,1572,2026-01-01
02441,024414,02,青森県,三戸町,town,,8561,2026-01-01
02442,024422,02,青森県,五戸町,town,,14977,2026-01-01
02443,024431,02,青森県,田子町,town,,4592,2026-01-01
02445,024457,02,青森県,南部町,town,,15919,2026-01-01
02446,024465,02,青森県,階上町,town,,12345,2026-01-01
02450,024503,02,青森県,新郷村,village,,1965,2026-01-01
03000,030007,03,岩手県,岩手県,prefecture,,1136186,2026-01-01
03201,032018,03,岩手県,盛岡市,city,,274941,2026-01-01
03202,032026,03,岩手県,宮古市,city,,44562,2026-01-01
03203,032034,03,岩手県,大船渡市,city,,31392,2026-01-01
03205,032051,03,岩手県,花巻市,city,,88618,2026-01-01
03206,032069,03,岩手県,北上市,city,,90504,2026-01-01
03207,032077,03,岩手県,久慈市,city,,30587,2026-01-01
03208,032085,03,岩手県,遠野市,city,,23301,2026-01-01
03209,032093,03,岩手県,一関市,city,,103421,2026-01-01
03210,032107,03,岩手県,陸前高田市,city,,16802,2026-01-01
03211,032115,03,岩手県,釜石市,city,,28097,2026-01-01
03213,032131,03,岩手県,二戸市,city,,23587,2026-01-01
03214,032140,03,岩手県,八幡平市,city,,22802,2026-01-01
03215,032158,03,岩手県,奥州市,city,,106116,2026-01-01
03216,032166,03,岩手県,滝沢市,city,,53876,2026-01-01
03301,033014,03,岩手県,雫石町,town,,14679,2026-01-01
03302,033022,03,岩手県,葛巻町,town,,5115,2026-01-01
03303,033031,03,岩手県,岩手町,town,,11192,2026-01-01
03321,033219,03,岩手県,紫波町,town,,32419,2026-01-01
03322,033227,03,岩手県,矢巾町,town,,26060,2026-01-01
03366,033669,03,岩手県,西和賀町,town,,4486,2026-01-01
03381,033812,03,岩手県,金ケ崎町,town,,15068,2026-01-01
03402,034029,03,岩手県,平泉町,town,,6539,2026-01-01
03441,034410,03,岩手県,住田町,town,,4547,2026-01-01
03461,034614,03,岩手県,大槌町,town,,10213,2026-01-01
03482,034827,03,岩手県,山田町,town,,13508,2026-01-01
03483,034835,03,岩手県,岩泉町,town,,7625,2026-01-01
03484,034843,03,岩手県,田野畑村,village,,2800,2026-01-01
03485,034851,03,岩手県,普代村,village,,2244,2026-01-01
03501,035017,03,岩手県,軽米町,town,,7668,2026-01-01
03503,035033,03,岩手県,野田村,village,,3807,2026-01-01
03506,035068,03,岩手県,九戸村,village,,4956,2026-01-01
03507,035076,03,岩手県,洋野町,town,,14343,2026-01-01
03524,035246,03,岩手県,一戸町,town,,10311,2026-01-01
04000,040002,04,宮城県,宮城県,prefecture,,2209215,2026-01-01
04100,041009,04,宮城県,仙台市,designated_city,,1063198,2026-01-01
04202,042021,04,宮城県,石巻市,city,,130134,2026-01-01
04203,042030,04,宮城県,塩竈市,city,,51136,2026-01-01
04205,042056,04,宮城県,気仙沼市,city,,55055,2026-01-01
04206,042064,04,宮城県,白石市,city,,29982,2026-01-01
04207,042072,04,宮城県,名取市,city,,79817,2026-01-01
04208,042081,04,宮城県,角田市,city,,25920,2026-01-01
04209,042099,04,宮城県,多賀城市,city,,61443,2026-01-01
04211,042111,04,宮城県,岩沼市,city,,42777,2026-01-01
04212,042129,04,宮城県,登米市,city,,70486,2026-01-01
04213,042137,04,宮城県,栗原市,city,,59147,2026-01-01
04214,042145,04,宮城県,東松島市,city,,37332,2026-01-01
04215,042153,04,宮城県,大崎市,city,,120285,2026-01-01
04216,042161,04,宮城県,富谷市,city,,52485,2026-01-01
04301,043010,04,宮城県,蔵王町,town,,10698,2026-01-01
04302,043028,04,宮城県,七ヶ宿町,town,,1162,2026-01-01
04321,043214,04,宮城県,大河原町,town,,23162,2026-01-01
04322,043222,04,宮城県,村田町,town,,9663,2026-01-01
04323,043231,04,宮城県,柴田町,town,,36036,2026-01-01
04324,043249,04,宮城県,川崎町,town,,7743,2026-01-01
04341,043419,04,宮城県,丸森町,town,,11274,2026-01-01
04361,043613,04,宮城県,亘理町,town,,32451,2026-01-01
04362,043621,04,宮城県,山元町,town,,11275,2026-01-01
04401,044016,04,宮城県,松島町,town,,12677,2026-01-01
04404,044041,04,宮城県,七ヶ浜町,town,,17297,2026-01-01
04406,044067,04,宮城県,利府町,town,,35900,2026-01-01
04421,044211,04,宮城県,大和町,town,,27880,2026-01-01
04422,044229,04,宮城県,大郷町,town,,7328,2026-01-01
04424,044245,04,宮城県,大衡村,village,,5527,2026-01-01
04444,044440,04,宮城県,色麻町,town,,5991,2026-01-01
04445,044458,04,宮城県,加美町,town,,20549,2026-01-01
04501,045012,04,宮城県,涌谷町,town,,13957,2026-01-01
04505,045055,04,宮城県,美里町,town,,22530,2026-01-01
04581,045811,04,宮城県,女川町,town,,5723,2026-01-01
04606,046060,04,宮城県,南三陸町,town,,11195,2026-01-01
05000,050008,05,秋田県,秋田県,prefecture,,890524,2026-01-01
05201,052019,05,秋田県,秋田市,city,,289888,2026-01-01
05202,052027,05,秋田県,能代市,city,,46202,2026-01-01
05203,052035,05,秋田県,横手市,city,,78958,2026-01-01
05204,052043,05,秋田県,大館市,city,,64164,2026-01-01
05206,052060,05,秋田県,男鹿市,city,,22728,2026-01-01
05207,052078,05,秋田県,湯沢市,city,,38608,2026-01-01
05209,052094,05,秋田県,鹿角市,city,,26339,2026-01-01
05210,052108,05,秋田県,由利本荘市,city,,69064,2026-01-01
05211,052116,05,秋田県,潟上市,city,,30902,2026-01-01
05212,052124,05,秋田県,大仙市,city,,72318,2026-01-01
05213,052132,05,秋田県,北秋田市,city,,27161,2026-01-01
05214,052141,05,秋田県,にかほ市,city,,21768,2026-01-01
05215,052159,05,秋田県,仙北市,city,,22337,2026-01-01
05303,053031,05,秋田県,小坂町,town,,4297,2026-01-01
05327,053279,05,秋田県,上小阿仁村,village,,1789,2026-01-01
05346,053465,05,秋田県,藤里町,town,,2669,2026-01-01
05348,053481,05,秋田県,三種町,town,,13743,2026-01-01
05349,053490,05,秋田県,八峰町,town,,5928,2026-01-01
05361,053619,05,秋田県,五城目町,town,,7566,2026-01-01
05363,053635,05,秋田県,八郎潟町,town,,5054,2026-01-01
05366,053660,05,秋田県,井川町,town,,4061,2026-01-01
05368,053686,05,秋田県,大潟村,village,,2916,2026-01-01
05434,054348,05,秋田県,美郷町,town,,17087,2026-01-01
05463,054631,05,秋田県,羽後町,town,,12766,2026-01-01
05464,054640,05,秋田県,東成瀬村,village,,2211,2026-01-01
06000,060003,06,山形県,山形県,prefecture,,995995,2026-01-01
06201,062014,06,山形県,山形市,city,,233891,2026-01-01
06202,062022,06,山形県,米沢市,city,,73351,2026-01-01
06203,062031,06,山形県,鶴岡市,city,,114745,2026-01-01
06204,062049,06,山形県,酒田市,city,,92129,2026-01-01
06205,062057,06,山形県,新庄市,city,,31779,2026-01-01
06206,062065,06,山形県,寒河江市,city,,38785,2026-01-01
06207,062073,06,山形県,上山市,city,,26978,2026-01-01
06208,062081,06,山形県,村山市,city,,20825,2026-01-01
06209,062090,06,山形県,長井市,city,,23895,2026-01-01
06210,062103,06,山形県,天童市,city,,59645,2026-01-01
06211,062111,06,山形県,東根市,city,,47486,2026-01-01
06212,062120,06,山形県,尾花沢市,city,,13118,2026-01-01
06213,062138,06,山形県,南陽市,city,,28563,2026-01-01
06301,063011,06,山形県,山辺町,town,,13120,2026-01-01
06302,063029,06,山形県,中山町,town,,10269,2026-01-01
06321,063215,06,山形県,河北町,town,,16475,2026-01-01
06322,063223,06,山形県,西川町,town,,4378,2026-01-01
06323,063231,06,山形県,朝日町,town,,5617,2026-01-01
06324,063240,06,山形県,大江町,town,,6874,2026-01-01
06341,063410,06,山形県,大石田町,town,,5754,2026-01-01
06361,063614,06,山形県,金山町,town,,4565,2026-01-01
06362,063622,06,山形県,最上町,town,,7153,2026-01-01
06363,063631,06,山形県,舟形町,town,,4525,2026-01-01
06364,063649,06,山形県,真室川町,town,,6287,2026-01-01
06365,063657,06,山形県,大蔵村,village,,2694,2026-01-01
06366,063665,06,山形県,鮭川村,village,,3564,2026-01-01
06367,063673,06,山形県,戸沢村,village,,3749,2026-01-01
06381,063819,06,山形県,高畠町,town,,20921,2026-01-01
06382,063827,06,山形県,川西町,town,,13016,2026-01-01
06401,064017,06,山形県,小国町,town,,6244,2026-01-01
06402,064025,06,山形県,白鷹町,town,,12024,2026-01-01
06403,064033,06,山形県,飯豊町,town,,6076,2026-01-01
06426,064262,06,山形県,三川町,town,,6944,2026-01-01
06428,064289,06,山形県,庄内町,town,,18738,2026-01-01
06461,064611,06,山形県,遊佐町,town,,11818,2026-01-01
07000,070009,07,福島県,福島県,prefecture,,1746008,2026-01-01
07201,072010,07,福島県,福島市,city,,261534,2026-01-01
07202,072028,07,福島県,会津若松市,city,,109006,2026-01-01
07203,072036,07,福島県,郡山市,city,,309563,2026-01-01
07204,072044,07,福島県,いわき市,city,,298865,2026-01-01
07205,072052,07,福島県,白河市,city,,56349,2026-01-01
07207,072079,07,福島県,須賀川市,city,,72205,2026-01-01
07208,072087,07,福島県,喜多方市,city,,42580,2026-01-01
07209,072095,07,福島県,相馬市,city,,31710,2026-01-01
07210,072109,07,福島県,二本松市,city,,49597,2026-01-01
07211,072117,07,福島県,田村市,city,,32301,2026-01-01
07212,072125,07,福島県,南相馬市,city,,54791,2026-01-01
07213,072133,07,福島県,伊達市,city,,55004,2026-01-01
07214,072141,07,福島県,本宮市,city,,29551,2026-01-01
07301,073016,07,福島県,桑折町,town,,10802,2026-01-01
07303,073032,07,福島県,国見町,town,,7935,2026-01-01
07308,073083,07,福島県,川俣町,town,,11154,2026-01-01
07322,073229,07,福島県,大玉村,village,,8782,2026-01-01
07342,073423,07,福島県,鏡石町,town,,12347,2026-01-01
07344,073440,07,福島県,天栄村,village,,5087,2026-01-01
07362,073628,07,福島県,下郷町,town,,4621,2026-01-01
07364,073644,07,福島県,檜枝岐村,village,,483,2026-01-01
07367,073679,07,福島県,只見町,town,,3572,2026-01-01
07368,073687,07,福島県,南会津町,town,,12996,2026-01-01
07402,074021,07,福島県,北塩原村,village,,2342,2026-01-01
07405,074055,07,福島県,西会津町,town,,5238,2026-01-01
07407,074071,07,福島県,磐梯町,town,,3107,2026-01-01
07408,074080,07,福島県,猪苗代町,town,,12215,2026-01-01
07421,074217,07,福島県,会津坂下町,town,,13902,2026-01-01
07422,074225,07,福島県,湯川村,village,,2936,2026-01-01
07423,074233,07,福島県,柳津町,town,,2768,2026-01-01
07444,074446,07,福島県,三島町,town,,1284,2026-01-01
07445,074454,07,福島県,金山町,town,,1702,2026-01-01
07446,074462,07,福島県,昭和村,village,,1040,2026-01-01
07447,074471,07,福島県,会津美里町,town,,17825,2026-01-01
07461,074616,07,福島県,西郷村,village,,20713,2026-01-01
07464,074641,07,福島県,泉崎村,village,,6024,2026-01-01
07465,074659,07,福島県,中島村,village,,4685,2026-01-01
07466,074667,07,福島県,矢吹町,town,,16652,2026-01-01
07481,074811,07,福島県,棚倉町,town,,12464,2026-01-01
07482,074829,07,福島県,矢祭町,town,,5009,2026-01-01
07483,074837,07,福島県,塙町,town,,7623,2026-01-01
07484,074845,07,福島県,鮫川村,village,,2747,2026-01-01
07501,075019,07,福島県,石川町,town,,13367,2026-01-01
07502,075027,07,福島県,玉川村,village,,5924,2026-01-01
07503,075035,07,福島県,平田村,village,,5241,2026-01-01
07504,075043,07,福島県,浅川町,town,,5663,2026-01-01
07505,075051,07,福島県,古殿町,town,,4394,2026-01-01
07521,075213,07,福島県,三春町,town,,15819,2026-01-01
07522,075221,07,福島県,小野町,town,,8615,2026-01-01
07541,075418,07,福島県,広野町,town,,4493,2026-01-01
07542,075426,07,福島県,楢葉町,town,,6274,2026-01-01
07543,075434,07,福島県,富岡町,town,,11049,2026-01-01
07544,075442,07,福島県,川内村,village,,2179,2026-01-01
07545,075451,07,福島県,大熊町,town,,9803,2026-01-01
07546,075469,07,福島県,双葉町,town,,5090,2026-01-01
07547,075477,07,福島県,浪江町,town,,14106,2026-01-01
07548,075485,07,福島県,葛尾村,village,,1217,2026-01-01
07561,075612,07,福島県,新地町,town,,7318,2026-01-01
07564,075647,07,福島県,飯舘村,village,,4345,2026-01-01
08000,080004,08,茨城県,茨城県,prefecture,,2830667,2026-01-01
08201,082015,08,茨城県,水戸市,city,,266703,2026-01-01
08202,082023,08,茨城県,日立市,city,,161010,2026-01-01
08203,082031,08,茨城県,土浦市,city,,140971,2026-01-01
08204,082040,08,茨城県,古河市,city,,139258,2026-01-01
08205,082058,08,茨城県,石岡市,city,,69184,2026-01-01
08207,082074,08,茨城県,結城市,city,,49039,2026-01-01
08208,082082,08,茨城県,龍ケ崎市,city,,74492,2026-01-01
08210,082104,08,茨城県,下妻市,city,,41781,2026-01-01
08211,082112,08,茨城県,常総市,city,,60041,2026-01-01
08212,082121,08,茨城県,常陸太田市,city,,45469,2026-01-01
08214,082147,08,茨城県,高萩市,city,,25174,2026-01-01
08215,082155,08,茨城県,北茨城市,city,,39353,2026-01-01
08216,082163,08,茨城県,笠間市,city,,72058,2026-01-01
08217,082171,08,茨城県,取手市,city,,105978,2026-01-01
08219,082198,08,茨城県,牛久市,city,,83276,2026-01-01
08220,082201,08,茨城県,つくば市,city,,262066,2026-01-01
08221,082210,08,茨城県,ひたちなか市,city,,153446,2026-01-01
08222,082228,08,茨城県,鹿嶋市,city,,64263,2026-01-01
08223,082236,08,茨城県,潮来市,city,,25715,2026-01-01
08224,082244,08,茨城県,守谷市,city,,70960,2026-01-01
08225,082252,08,茨城県,常陸大宮市,city,,37142,2026-01-01
08226,082261,08,茨城県,那珂市,city,,52590,2026-01-01
08227,082279,08,茨城県,筑西市,city,,98933,2026-01-01
08228,082287,08,茨城県,坂東市,city,,51740,2026-01-01
08229,082295,08,茨城県,稲敷市,city,,36376,2026-01-01
08230,082309,08,茨城県,かすみがうら市,city,,39408,2026-01-01
08231,082317,08,茨城県,桜川市,city,,37008,2026-01-01
08232,082325,08,茨城県,神栖市,city,,93414,2026-01-01
08233,082333,08,茨城県,行方市,city,,30828,2026-01-01
08234,082341,08,茨城県,鉾田市,city,,45750,2026-01-01
08235,082350,08,茨城県,つくばみらい市,city,,53720,2026-01-01
08236,082368,08,茨城県,小美玉市,city,,47916,2026-01-01
08302,083020,08,茨城県,茨城町,town,,30179,2026-01-01
08309,083097,08,茨城県,大洗町,town,,15222,2026-01-01
08310,083101,08,茨城県,城里町,town,,17337,2026-01-01
08341,083411,08,茨城県,東海村,village,,38121,2026-01-01
08364,083640,08,茨城県,大子町,town,,14047,2026-01-01
08442,084425,08,茨城県,美浦村,village,,13897,2026-01-01
08443,084433,08,茨城県,阿見町,town,,50128,2026-01-01
08447,084476,08,茨城県,河内町,town,,7612,2026-01-01
08521,085219,08,茨城県,八千代町,town,,20882,2026-01-01
08542,085421,08,茨城県,五霞町,town,,7770,2026-01-01
08546,085464,08,茨城県,境町,town,,24675,2026-01-01
08564,085642,08,茨城県,利根町,town,,15735,2026-01-01
09000,090000,09,栃木県,栃木県,prefecture,,1889901,2026-01-01
09201,092011,09,栃木県,宇都宮市,city,,513378,2026-01-01
09202,092029,09,栃木県,足利市,city,,138045,2026-01-01
09203,092037,09,栃木県,栃木市,city,,151741,2026-01-01
09204,092045,09,栃木県,佐野市,city,,111994,2026-01-01
09205,092053,09,栃木県,鹿沼市,city,,91847,2026-01-01
09206,092061,09,栃木県,日光市,city,,74184,2026-01-01
09208,092088,09,栃木県,小山市,city,,166856,2026-01-01
09209,092096,09,栃木県,真岡市,city,,77685,2026-01-01
09210,092100,09,栃木県,大田原市,city,,67033,2026-01-01
09211,092118,09,栃木県,矢板市,city,,29661,2026-01-01
09213,092134,09,栃木県,那須塩原市,city,,114896,2026-01-01
09214,092142,09,栃木県,さくら市,city,,43604,2026-01-01
09215,092151,09,栃木県,那須烏山市,city,,22935,2026-01-01
09216,092169,09,栃木県,下野市,city,,59416,2026-01-01
09301,093017,09,栃木県,上三川町,town,,30404,2026-01-01
09342,093424,09,栃木県,益子町,town,,20991,2026-01-01
09343,093432,09,栃木県,茂木町,town,,11085,2026-01-01
09344,093441,09,栃木県,市貝町,town,,10877,2026-01-01
09345,093459,09,栃木県,芳賀町,town,,15237,2026-01-01
09361,093611,09,栃木県,壬生町,town,,37993,2026-01-01
09364,093645,09,栃木県,野木町,town,,24780,2026-01-01
09384,093840,09,栃木県,塩谷町,town,,9505,2026-01-01
09386,093866,09,栃木県,高根沢町,town,,28641,2026-01-01
09407,094072,09,栃木県,那須町,town,,23290,2026-01-01
09411,094111,09,栃木県,那珂川町,town,,13823,2026-01-01
10000,100005,10,群馬県,群馬県,prefecture,,1893893,2026-01-01
10201,102016,10,群馬県,前橋市,city,,327659,2026-01-01
10202,102024,10,群馬県,高崎市,city,,364131,2026-01-01
10203,102032,10,群馬県,桐生市,city,,99318,2026-01-01
10204,102041,10,群馬県,伊勢崎市,city,,211537,2026-01-01
10205,102059,10,群馬県,太田市,city,,222402,2026-01-01
10206,102067,10,群馬県,沼田市,city,,42647,2026-01-01
10207,102075,10,群馬県,館林市,city,,73086,2026-01-01
10208,102083,10,群馬県,渋川市,city,,71273,2026-01-01
10209,102091,10,群馬県,藤岡市,city,,60844,2026-01-01
10210,102105,10,群馬県,富岡市,city,,44539,2026-01-01
10211,102113,10,群馬県,安中市,city,,52958,2026-01-01
10212,102121,10,群馬県,みどり市,city,,48193,2026-01-01
10344,103446,10,群馬県,榛東村,village,,14535,2026-01-01
10345,103454,10,群馬県,吉岡町,town,,22833,2026-01-01
10366,103667,10,群馬県,上野村,village,,983,2026-01-01
10367,103675,10,群馬県,神流町,town,,1456,2026-01-01
10382,103829,10,群馬県,下仁田町,town,,5897,2026-01-01
10383,103837,10,群馬県,南牧村,village,,1365,2026-01-01
10384,103845,10,群馬県,甘楽町,town,,12354,2026-01-01
10421,104213,10,群馬県,中之条町,town,,14049,2026-01-01
10424,104248,10,群馬県,長野原町,town,,5018,2026-01-01
10425,104256,10,群馬県,嬬恋村,village,,8958,2026-01-01
10426,104264,10,群馬県,草津町,town,,6025,2026-01-01
10428,104281,10,群馬県,高山村,village,,3234,2026-01-01
10429,104299,10,群馬県,東吾妻町,town,,11747,2026-01-01
10443,104434,10,群馬県,片品村,village,,3787,2026-01-01
10444,104442,10,群馬県,川場村,village,,2914,2026-01-01
10448,104485,10,群馬県,昭和村,village,,6881,2026-01-01
10449,104493,10,群馬県,みなかみ町,town,,16588,2026-01-01
10464,104647,10,群馬県,玉村町,town,,35309,2026-01-01
10521,105210,10,群馬県,板倉町,town,,13320,2026-01-01
10522,105228,10,群馬県,明和町,town,,10648,2026-01-01
10523,105236,10,群馬県,千代田町,town,,10752,2026-01-01
10524,105244,10,群馬県,大泉町,town,,41267,2026-01-01
10525,105252,10,群馬県,邑楽町,town,,25386,2026-01-01
11000,110001,11,埼玉県,埼玉県,prefecture,,7368548,2026-01-01
11100,111007,11,埼玉県,さいたま市,designated_city,,1355984,2026-01-01
11201,112011,11,埼玉県,川越市,city,,352607,2026-01-01
11202,112020,11,埼玉県,熊谷市,city,,189859,2026-01-01
11203,112038,11,埼玉県,川口市,city,,608515,2026-01-01
11206,112062,11,埼玉県,行田市,city,,77396,2026-01-01
11207,112071,11,埼玉県,秩父市,city,,56230,2026-01-01
11208,112089,11,埼玉県,所沢市,city,,342490,2026-01-01
11209,112097,11,埼玉県,飯能市,city,,77381,2026-01-01
11210,112101,11,埼玉県,加須市,city,,111846,2026-01-01
11211,112119,11,埼玉県,本庄市,city,,76107,2026-01-01
11212,112127,11,埼玉県,東松山市,city,,91179,2026-01-01
11214,112143,11,埼玉県,春日部市,city,,228610,2026-01-01
11215,112151,11,埼玉県,狭山市,city,,147477,2026-01-01
11216,112160,11,埼玉県,羽生市,city,,53589,2026-01-01
11217,112178,11,埼玉県,鴻巣市,city,,117556,2026-01-01
11218,112186,11,埼玉県,深谷市,city,,140211,2026-01-01
11219,112194,11,埼玉県,上尾市,city,,230639,2026-01-01
11221,112216,11,埼玉県,草加市,city,,252586,2026-01-01
11222,112224,11,埼玉県,越谷市,city,,341437,2026-01-01
11223,112232,11,埼玉県,蕨市,city,,77289,2026-01-01
11224,112241,11,埼玉県,戸田市,city,,142833,2026-01-01
11225,112259,11,埼玉県,入間市,city,,142304,2026-01-01
11227,112275,11,埼玉県,朝霞市,city,,146414,2026-01-01
11228,112283,11,埼玉県,志木市,city,,76187,2026-01-01
11229,112291,11,埼玉県,和光市,city,,84917,2026-01-01
11230,112305,11,埼玉県,新座市,city,,166243,2026-01-01
11231,112313,11,埼玉県,桶川市,city,,74120,2026-01-01
11232,112321,11,埼玉県,久喜市,city,,150807,2026-01-01
11233,112330,11,埼玉県,北本市,city,,64997,2026-01-01
11234,112348,11,埼玉県,八潮市,city,,93773,2026-01-01
11235,112356,11,埼玉県,富士見市,city,,113728,2026-01-01
11237,112372,11,埼玉県,三郷市,city,,141971,2026-01-01
11238,112381,11,埼玉県,蓮田市,city,,60928,2026-01-01
11239,112399,11,埼玉県,坂戸市,city,,99346,2026-01-01
11240,112402,11,埼玉県,幸手市,city,,48522,2026-01-01
11241,112411,11,埼玉県,鶴ヶ島市,city,,69668,2026-01-01
11242,112429,11,埼玉県,日高市,city,,53731,2026-01-01
11243,112437,11,埼玉県,吉川市,city,,72165,2026-01-01
11245,112453,11,埼玉県,ふじみ野市,city,,114461,2026-01-01
11246,112461,11,埼玉県,白岡市,city,,52195,2026-01-01
11301,113018,11,埼玉県,伊奈町,town,,44824,2026-01-01
11324,113247,11,埼玉県,三芳町,town,,37230,2026-01-01
11326,113263,11,埼玉県,毛呂山町,town,,31593,2026-01-01
11327,113271,11,埼玉県,越生町,town,,10516,2026-01-01
11341,113417,11,埼玉県,滑川町,town,,19771,2026-01-01
11342,113425,11,埼玉県,嵐山町,town,,17228,2026-01-01
11343,113433,11,埼玉県,小川町,town,,27013,2026-01-01
11346,113468,11,埼玉県,川島町,town,,18466,2026-01-01
11347,113476,11,埼玉県,吉見町,town,,17298,2026-01-01
11348,113484,11,埼玉県,鳩山町,town,,12510,2026-01-01
11349,113492,11,埼玉県,ときがわ町,town,,10102,2026-01-01
11361,113611,11,埼玉県,横瀬町,town,,7502,2026-01-01
11362,113620,11,埼玉県,皆野町,town,,8708,2026-01-01
11363,113638,11,埼玉県,長瀞町,town,,6223,2026-01-01
11365,113654,11,埼玉県,小鹿野町,town,,9810,2026-01-01
11369,113697,11,埼玉県,東秩父村,village,,2324,2026-01-01
11381,113816,11,埼玉県,美里町,town,,10571,2026-01-01
11383,113832,11,埼玉県,神川町,town,,12643,2026-01-01
11385,113859,11,埼玉県,上里町,town,,30382,2026-01-01
11408,114081,11,埼玉県,寄居町,town,,31441,2026-01-01
11442,114421,11,埼玉県,宮代町,town,,33282,2026-01-01
11464,114642,11,埼玉県,杉戸町,town,,43152,2026-01-01
11465,114651,11,埼玉県,松伏町,town,,27661,2026-01-01
12000,120006,12,千葉県,千葉県,prefecture,,6313748,2026-01-01
12100,121002,12,千葉県,千葉市,designated_city,,986605,2026-01-01
12202,122025,12,千葉県,銚子市,city,,52881,2026-01-01
12203,122033,12,千葉県,市川市,city,,498550,2026-01-01
12204,122041,12,千葉県,船橋市,city,,652241,2026-01-01
12205,122050,12,千葉県,館山市,city,,42801,2026-01-01
12206,122068,12,千葉県,木更津市,city,,136753,2026-01-01
12207,122076,12,千葉県,松戸市,city,,501850,2026-01-01
12208,122084,12,千葉県,野田市,city,,153147,2026-01-01
12210,122106,12,千葉県,茂原市,city,,85070,2026-01-01
12211,122114,12,千葉県,成田市,city,,133302,2026-01-01
12212,122122,12,千葉県,佐倉市,city,,168489,2026-01-01
12213,122131,12,千葉県,東金市,city,,56193,2026-01-01
12215,122157,12,千葉県,旭市,city,,61030,2026-01-01
12216,122165,12,千葉県,習志野市,city,,174983,2026-01-01
12217,122173,12,千葉県,柏市,city,,439514,2026-01-01
12218,122181,12,千葉県,勝浦市,city,,14820,2026-01-01
12219,122190,12,千葉県,市原市,city,,265371,2026-01-01
12220,122203,12,千葉県,流山市,city,,214972,2026-01-01
12221,122211,12,千葉県,八千代市,city,,208344,2026-01-01
12222,122220,12,千葉県,我孫子市,city,,132112,2026-01-01
12223,122238,12,千葉県,鴨川市,city,,29667,2026-01-01
12224,122246,12,千葉県,鎌ケ谷市,city,,109948,2026-01-01
12225,122254,12,千葉県,君津市,city,,78657,2026-01-01
12226,122262,12,千葉県,富津市,city,,39665,2026-01-01
12227,122271,12,千葉県,浦安市,city,,171902,2026-01-01
12228,122289,12,千葉県,四街道市,city,,96622,2026-01-01
12229,122297,12,千葉県,袖ケ浦市,city,,66063,2026-01-01
12230,122301,12,千葉県,八街市,city,,66393,2026-01-01
12231,122319,12,千葉県,印西市,city,,112248,2026-01-01
12232,122327,12,千葉県,白井市,city,,61704,2026-01-01
12233,122335,12,千葉県,富里市,city,,49868,2026-01-01
12234,122343,12,千葉県,南房総市,city,,33391,2026-01-01
12235,122351,12,千葉県,匝瑳市,city,,32701,2026-01-01
12236,122360,12,千葉県,香取市,city,,68684,2026-01-01
12237,122378,12,千葉県,山武市,city,,47043,2026-01-01
12238,122386,12,千葉県,いすみ市,city,,34110,2026-01-01
12239,122394,12,千葉県,大網白里市,city,,47152,2026-01-01
12322,123226,12,千葉県,酒々井町,town,,20049,2026-01-01
12329,123293,12,千葉県,栄町,town,,19475,2026-01-01
12342,123421,12,千葉県,神崎町,town,,5618,2026-01-01
12347,123471,12,千葉県,多古町,town,,13106,2026-01-01
12349,123498,12,千葉県,東庄町,town,,12343,2026-01-01
12403,124036,12,千葉県,九十九里町,town,,13644,2026-01-01
12409,124095,12,千葉県,芝山町,town,,6590,2026-01-01
12410,124109,12,千葉県,横芝光町,town,,21815,2026-01-01
12421,124214,12,千葉県,一宮町,town,,12381,2026-01-01
12422,124222,12,千葉県,睦沢町,town,,6462,2026-01-01
12423,124231,12,千葉県,長生村,village,,13104,2026-01-01
12424,124249,12,千葉県,白子町,town,,10246,2026-01-01
12426,124265,12,千葉県,長柄町,town,,6090,2026-01-01
12427,124273,12,千葉県,長南町,town,,6894,2026-01-01
12441,124419,12,千葉県,大多喜町,town,,7810,2026-01-01
12443,124435,12,千葉県,御宿町,town,,6735,2026-01-01
12463,124630,12,千葉県,鋸南町,town,,6540,2026-01-01
13000,130001,13,東京都,東京都,prefecture,,14077553,2026-01-01
13101,131016,13,東京都,千代田区,special_ward,,69139,2026-01-01
13102,131024,13,東京都,中央区,special_ward,,191015,2026-01-01
13103,131032,13,東京都,港区,special_ward,,269877,2026-01-01
13104,131041,13,東京都,新宿区,special_ward,,355125,2026-01-01
13105,131059,13,東京都,文京区,special_ward,,236981,2026-01-01
13106,131067,13,東京都,台東区,special_ward,,217512,2026-01-01
13107,131075,13,東京都,墨田区,special_ward,,288833,2026-01-01
13108,131083,13,東京都,江東区,special_ward,,543193,2026-01-01
13109,131091,13,東京都,品川区,special_ward,,415644,2026-01-01
13110,131105,13,東京都,目黒区,special_ward,,282607,2026-01-01
13111,131113,13,東京都,大田区,special_ward,,745048,2026-01-01
13112,131121,13,東京都,世田谷区,special_ward,,928666,2026-01-01
13113,131130,13,東京都,渋谷区,special_ward,,230880,2026-01-01
13114,131148,13,東京都,中野区,special_ward,,343794,2026-01-01
13115,131156,13,東京都,杉並区,special_ward,,582636,2026-01-01
13116,131164,13,東京都,豊島区,special_ward,,296129,2026-01-01
13117,131172,13,東京都,北区,special_ward,,367432,2026-01-01
13118,131181,13,東京都,荒川区,special_ward,,224784,2026-01-01
13119,131199,13,東京都,板橋区,special_ward,,583528,2026-01-01
13120,131202,13,東京都,練馬区,special_ward,,750559,2026-01-01
13121,131211,13,東京都,足立区,special_ward,,703369,2026-01-01
13122,131229,13,東京都,葛飾区,special_ward,,472558,2026-01-01
13123,131237,13,東京都,江戸川区,special_ward,,697414,2026-01-01
13201,132012,13,東京都,八王子市,city,,558755,2026-01-01
13202,132021,13,東京都,立川市,city,,187440,2026-01-01
13203,132039,13,東京都,武蔵野市,city,,147958,2026-01-01
13204,132047,13,東京都,三鷹市,city,,191083,2026-01-01
13205,132055,13,東京都,青梅市,city,,128569,2026-01-01
13206,132063,13,東京都,府中市,city,,262162,2026-01-01
13207,132071,13,東京都,昭島市,city,,116049,2026-01-01
13208,132080,13,東京都,調布市,city,,241074,2026-01-01
13209,132098,13,東京都,町田市,city,,430428,2026-01-01
13210,132101,13,東京都,小金井市,city,,125970,2026-01-01
13211,132110,13,東京都,小平市,city,,197404,2026-01-01
13212,132128,13,東京都,日野市,city,,189194,2026-01-01
13213,132136,13,東京都,東村山市,city,,152136,2026-01-01
13214,132144,13,東京都,国分寺市,city,,130076,2026-01-01
13215,132152,13,東京都,国立市,city,,76460,2026-01-01
13218,132187,13,東京都,福生市,city,,56896,2026-01-01
13219,132195,13,東京都,狛江市,city,,82258,2026-01-01
13220,132209,13,東京都,東大和市,city,,84989,2026-01-01
13221,132217,13,東京都,清瀬市,city,,75682,2026-01-01
13222,132225,13,東京都,東久留米市,city,,116570,2026-01-01
13223,132233,13,東京都,武蔵村山市,city,,70564,2026-01-01
13224,132241,13,東京都,多摩市,city,,148248,2026-01-01
13225,132250,13,東京都,稲城市,city,,94461,2026-01-01
13227,132276,13,東京都,羽村市,city,,53956,2026-01-01
13228,132284,13,東京都,あきる野市,city,,78559,2026-01-01
13229,132292,13,東京都,西東京市,city,,207227,2026-01-01
13303,133035,13,東京都,瑞穂町,town,,31968,2026-01-01
13305,133051,13,東京都,日の出町,town,,15796,2026-01-01
13307,133078,13,東京都,檜原村,village,,1902,2026-01-01
13308,133086,13,東京都,奥多摩町,town,,4369,2026-01-01
13361,133612,13,東京都,大島町,town,,6589,2026-01-01
13362,133621,13,東京都,利島村,village,,303,2026-01-01
13363,133639,13,東京都,新島村,village,,2336,2026-01-01
13364,133647,13,東京都,神津島村,village,,1710,2026-01-01
13381,133817,13,東京都,三宅村,village,,2133,2026-01-01
13382,133825,13,東京都,御蔵島村,village,,288,2026-01-01
13401,134015,13,東京都,八丈町,town,,6652,2026-01-01
13402,134023,13,東京都,青ヶ島村,village,,155,2026-01-01
13421,134210,13,東京都,小笠原村,village,,2461,2026-01-01
14000,140007,14,神奈川県,神奈川県,prefecture,,9194723,2026-01-01
14100,141003,14,神奈川県,横浜市,designated_city,,3753315,2026-01-01
14130,141305,14,神奈川県,川崎市,designated_city,,1542534,2026-01-01
14150,141500,14,神奈川県,相模原市,designated_city,,714436,2026-01-01
14201,142018,14,神奈川県,横須賀市,city,,374851,2026-01-01
14203,142034,14,神奈川県,平塚市,city,,255967,2026-01-01
14204,142042,14,神奈川県,鎌倉市,city,,173602,2026-01-01
14205,142051,14,神奈川県,藤沢市,city,,444628,2026-01-01
14206,142069,14,神奈川県,小田原市,city,,185424,2026-01-01
14207,142077,14,神奈川県,茅ヶ崎市,city,,247214,2026-01-01
14208,142085,14,神奈川県,逗子市,city,,57326,2026-01-01
14210,142107,14,神奈川県,三浦市,city,,39311,2026-01-01
14211,142115,14,神奈川県,秦野市,city,,157784,2026-01-01
14212,142123,14,神奈川県,厚木市,city,,222404,2026-01-01
14213,142131,14,神奈川県,大和市,city,,246500,2026-01-01
14214,142140,14,神奈川県,伊勢原市,city,,99052,2026-01-01
14215,142158,14,神奈川県,海老名市,city,,140973,2026-01-01
14216,142166,14,神奈川県,座間市,city,,131292,2026-01-01
14217,142174,14,神奈川県,南足柄市,city,,39637,2026-01-01
14218,142182,14,神奈川県,綾瀬市,city,,83871,2026-01-01
14301,143014,14,神奈川県,葉山町,town,,31458,2026-01-01
14321,143219,14,神奈川県,寒川町,town,,48702,2026-01-01
14341,143413,14,神奈川県,大磯町,town,,31461,2026-01-01
14342,143421,14,神奈川県,二宮町,town,,27172,2026-01-01
14361,143618,14,神奈川県,中井町,town,,8803,2026-01-01
14362,143626,14,神奈川県,大井町,town,,17263,2026-01-01
14363,143634,14,神奈川県,松田町,town,,10392,2026-01-01
14364,143642,14,神奈川県,山北町,town,,9105,2026-01-01
14366,143669,14,神奈川県,開成町,town,,18539,2026-01-01
14382,143821,14,神奈川県,箱根町,town,,10719,2026-01-01
14383,143839,14,神奈川県,真鶴町,town,,6373,2026-01-01
14384,143847,14,神奈川県,湯河原町,town,,22793,2026-01-01
14401,144011,14,神奈川県,愛川町,town,,39169,2026-01-01
14402,144029,14,神奈川県,清川村,village,,2653,2026-01-01
15000,150002,15,新潟県,新潟県,prefecture,,2083103,2026-01-01
15100,151009,15,新潟県,新潟市,designated_city,,755462,2026-01-01
15202,152021,15,新潟県,長岡市,city,,252265,2026-01-01
15204,152048,15,新潟県,三条市,city,,89826,2026-01-01
15205,152056,15,新潟県,柏崎市,city,,74836,2026-01-01
15206,152064,15,新潟県,新発田市,city,,90615,2026-01-01
15208,152081,15,新潟県,小千谷市,city,,32044,2026-01-01
15209,152099,15,新潟県,加茂市,city,,23595,2026-01-01
15210,152102,15,新潟県,十日町市,city,,45992,2026-01-01
15211,152111,15,新潟県,見附市,city,,37459,2026-01-01
15212,152129,15,新潟県,村上市,city,,52228,2026-01-01
15213,152137,15,新潟県,燕市,city,,75260,2026-01-01
15216,152161,15,新潟県,糸魚川市,city,,37062,2026-01-01
15217,152170,15,新潟県,妙高市,city,,29025,2026-01-01
15218,152188,15,新潟県,五泉市,city,,44706,2026-01-01
15222,152226,15,新潟県,上越市,city,,177922,2026-01-01
15223,152234,15,新潟県,阿賀野市,city,,38454,2026-01-01
15224,152242,15,新潟県,佐渡市,city,,46760,2026-01-01
15225,152251,15,新潟県,魚沼市,city,,31813,2026-01-01
15226,152269,15,新潟県,南魚沼市,city,,51603,2026-01-01
15227,152277,15,新潟県,胎内市,city,,26251,2026-01-01
15307,153079,15,新潟県,聖籠町,town,,14018,2026-01-01
15342,153427,15,新潟県,弥彦村,village,,7401,2026-01-01
15361,153613,15,新潟県,田上町,town,,10398,2026-01-01
15385,153851,15,新潟県,阿賀町,town,,8719,2026-01-01
15405,154059,15,新潟県,出雲崎町,town,,3766,2026-01-01
15461,154610,15,新潟県,湯沢町,town,,8304,2026-01-01
15482,154822,15,新潟県,津南町,town,,8241,2026-01-01
15504,155047,15,新潟県,刈羽村,village,,4220,2026-01-01
15581,155811,15,新潟県,関川村,village,,4551,2026-01-01
15586,155861,15,新潟県,粟島浦村,village,,307,2026-01-01
16000,160008,16,富山県,富山県,prefecture,,998580,2026-01-01
16201,162019,16,富山県,富山市,city,,401436,2026-01-01
16202,162027,16,富山県,高岡市,city,,161098,2026-01-01
16204,162043,16,富山県,魚津市,city,,38013,2026-01-01
16205,162051,16,富山県,氷見市,city,,41167,2026-01-01
16206,162060,16,富山県,滑川市,city,,32333,2026-01-01
16207,162078,16,富山県,黒部市,city,,38745,2026-01-01
16208,162086,16,富山県,砺波市,city,,46357,2026-01-01
16209,162094,16,富山県,小矢部市,city,,27362,2026-01-01
16210,162108,16,富山県,南砺市,city,,45168,2026-01-01
16211,162116,16,富山県,射水市,city,,89377,2026-01-01
16321,163210,16,富山県,舟橋村,village,,3329,2026-01-01
16322,163228,16,富山県,上市町,town,,18315,2026-01-01
16323,163236,16,富山県,立山町,town,,24055,2026-01-01
16342,163422,16,富山県,入善町,town,,21769,2026-01-01
16343,163431,16,富山県,朝日町,town,,10056,2026-01-01
17000,170003,17,石川県,石川県,prefecture,,1089861,2026-01-01
17201,172014,17,石川県,金沢市,city,,441947,2026-01-01
17202,172022,17,石川県,七尾市,city,,45390,2026-01-01
17203,172031,17,石川県,小松市,city,,104772,2026-01-01
17204,172049,17,石川県,輪島市,city,,19615,2026-01-01
17205,172057,17,石川県,珠洲市,city,,10420,2026-01-01
17206,172065,17,石川県,加賀市,city,,60859,2026-01-01
17207,172073,17,石川県,羽咋市,city,,19319,2026-01-01
17209,172090,17,石川県,かほく市,city,,36420,2026-01-01
17210,172103,17,石川県,白山市,city,,112125,2026-01-01
17211,172111,17,石川県,能美市,city,,49705,2026-01-01
17212,172120,17,石川県,野々市市,city,,54905,2026-01-01
17324,173240,17,石川県,川北町,town,,6071,2026-01-01
17361,173614,17,石川県,津幡町,town,,37535,2026-01-01
17365,173657,17,石川県,内灘町,town,,25342,2026-01-01
17384,173843,17,石川県,志賀町,town,,17140,2026-01-01
17386,173860,17,石川県,宝達志水町,town,,11637,2026-01-01
17407,174076,17,石川県,中能登町,town,,16258,2026-01-01
17461,174611,17,石川県,穴水町,town,,6646,2026-01-01
17463,174637,17,石川県,能登町,town,,13755,2026-01-01
18000,180009,18,福井県,福井県,prefecture,,739412,2026-01-01
18201,182010,18,福井県,福井市,city,,252037,2026-01-01
18202,182028,18,福井県,敦賀市,city,,61692,2026-01-01
18204,182044,18,福井県,小浜市,city,,27202,2026-01-01
18205,182052,18,福井県,大野市,city,,29191,2026-01-01
18206,182061,18,福井県,勝山市,city,,20683,2026-01-01
18207,182079,18,福井県,鯖江市,city,,68005,2026-01-01
18208,182087,18,福井県,あわら市,city,,25965,2026-01-01
18209,182095,18,福井県,越前市,city,,79895,2026-01-01
18210,182109,18,福井県,坂井市,city,,87812,2026-01-01
18322,183229,18,福井県,永平寺町,town,,17503,2026-01-01
18382,183822,18,福井県,池田町,town,,2112,2026-01-01
18404,184047,18,福井県,南越前町,town,,9238,2026-01-01
18423,184233,18,福井県,越前町,town,,19446,2026-01-01
18442,184420,18,福井県,美浜町,town,,8537,2026-01-01
18481,184811,18,福井県,高浜町,town,,9391,2026-01-01
18483,184837,18,福井県,おおい町,town,,7600,2026-01-01
18501,185019,18,福井県,若狭町,town,,13103,2026-01-01
19000,190004,19,山梨県,山梨県,prefecture,,794684,2026-01-01
19201,192015,19,山梨県,甲府市,city,,182605,2026-01-01
19202,192023,19,山梨県,富士吉田市,city,,45904,2026-01-01
19204,192040,19,山梨県,都留市,city,,28050,2026-01-01
19205,192058,19,山梨県,山梨市,city,,32319,2026-01-01
19206,192066,19,山梨県,大月市,city,,20897,2026-01-01
19207,192074,19,山梨県,韮崎市,city,,27413,2026-01-01
19208,192082,19,山梨県,南アルプス市,city,,71812,2026-01-01
19209,192091,19,山梨県,北杜市,city,,44973,2026-01-01
19210,192104,19,山梨県,甲斐市,city,,76349,2026-01-01
19211,192112,19,山梨県,笛吹市,city,,66312,2026-01-01
19212,192121,19,山梨県,上野原市,city,,20763,2026-01-01
19213,192139,19,山梨県,甲州市,city,,28657,2026-01-01
19214,192147,19,山梨県,中央市,city,,30417,2026-01-01
19346,193461,19,山梨県,市川三郷町,town,,14213,2026-01-01
19364,193640,19,山梨県,早川町,town,,798,2026-01-01
19365,193658,19,山梨県,身延町,town,,9356,2026-01-01
19366,193666,19,山梨県,南部町,town,,6593,2026-01-01
19368,193682,19,山梨県,富士川町,town,,13720,2026-01-01
19384,193844,19,山梨県,昭和町,town,,21510,2026-01-01
19422,194221,19,山梨県,道志村,village,,1488,2026-01-01
19423,194239,19,山梨県,西桂町,town,,3809,2026-01-01
19424,194247,19,山梨県,忍野村,village,,9653,2026-01-01
19425,194255,19,山梨県,山中湖村,village,,5770,2026-01-01
19429,194298,19,山梨県,鳴沢村,village,,3059,2026-01-01
19430,194301,19,山梨県,富士河口湖町,town,,27139,2026-01-01
19442,194425,19,山梨県,小菅村,village,,613,2026-01-01
19443,194433,19,山梨県,丹波山村,village,,492,2026-01-01
20000,200000,20,長野県,長野県,prefecture,,1995882,2026-01-01
20201,202011,20,長野県,長野市,city,,359886,2026-01-01
20202,202029,20,長野県,松本市,city,,232370,2026-01-01
20203,202037,20,長野県,上田市,city,,150627,2026-01-01
20204,202045,20,長野県,岡谷市,city,,45765,2026-01-01
20205,202053,20,長野県,飯田市,city,,93569,2026-01-01
20206,202061,20,長野県,諏訪市,city,,47067,2026-01-01
20207,202070,20,長野県,須坂市,city,,48837,2026-01-01
20208,202088,20,長野県,小諸市,city,,40978,2026-01-01
20209,202096,20,長野県,伊那市,city,,64499,2026-01-01
20210,202100,20,長野県,駒ヶ根市,city,,31073,2026-01-01
20211,202118,20,長野県,中野市,city,,41719,2026-01-01
20212,202126,20,長野県,大町市,city,,25029,2026-01-01
20213,202134,20,長野県,飯山市,city,,18446,2026-01-01
20214,202142,20,長野県,茅野市,city,,53723,2026-01-01
20215,202151,20,長野県,塩尻市,city,,64883,2026-01-01
20217,202177,20,長野県,佐久市,city,,97047,2026-01-01
20218,202185,20,長野県,千曲市,city,,58537,2026-01-01
20219,202193,20,長野県,東御市,city,,28665,2026-01-01
20220,202207,20,長野県,安曇野市,city,,95453,2026-01-01
20303,203033,20,長野県,小海町,town,,4131,2026-01-01
20304,203041,20,長野県,川上村,village,,3547,2026-01-01
20305,203050,20,長野県,南牧村,village,,2965,2026-01-01
20306,203068,20,長野県,南相木村,village,,898,2026-01-01
20307,203076,20,長野県,北相木村,village,,624,2026-01-01
20309,203092,20,長野県,佐久穂町,town,,10040,2026-01-01
20321,203211,20,長野県,軽井沢町,town,,21812,2026-01-01
20323,203238,20,長野県,御代田町,town,,16863,2026-01-01
20324,203246,20,長野県,立科町,town,,6565,2026-01-01
20349,203491,20,長野県,青木村,village,,4015,2026-01-01
20350,203505,20,長野県,長和町,town,,5415,2026-01-01
20361,203611,20,長野県,下諏訪町,town,,18105,2026-01-01
20362,203629,20,長野県,富士見町,town,,13976,2026-01-01
20363,203637,20,長野県,原村,village,,8045,2026-01-01
20382,203823,20,長野県,辰野町,town,,17681,2026-01-01
20383,203831,20,長野県,箕輪町,town,,24194,2026-01-01
20384,203840,20,長野県,飯島町,town,,8767,2026-01-01
20385,203858,20,長野県,南箕輪村,village,,16005,2026-01-01
20386,203866,20,長野県,中川村,village,,4546,2026-01-01
20388,203882,20,長野県,宮田村,village,,8732,2026-01-01
20402,204021,20,長野県,松川町,town,,12307,2026-01-01
20403,204030,20,長野県,高森町,town,,12520,2026-01-01
20404,204048,20,長野県,阿南町,town,,3864,2026-01-01
20407,204072,20,長野県,阿智村,village,,5889,2026-01-01
20409,204099,20,長野県,平谷村,village,,364,2026-01-01
20410,204102,20,長野県,根羽村,village,,789,2026-01-01
20411,204111,20,長野県,下條村,village,,3321,2026-01-01
20412,204129,20,長野県,売木村,village,,462,2026-01-01
20413,204137,20,長野県,天龍村,village,,970,2026-01-01
20414,204145,20,長野県,泰阜村,village,,1410,2026-01-01
20415,204153,20,長野県,喬木村,village,,5787,2026-01-01
20416,204161,20,長野県,豊丘村,village,,6456,2026-01-01
20417,204170,20,長野県,大鹿村,village,,854,2026-01-01
20422,204226,20,長野県,上松町,town,,3813,2026-01-01
20423,204234,20,長野県,南木曽町,town,,3584,2026-01-01
20425,204251,20,長野県,木祖村,village,,2469,2026-01-01
20429,204293,20,長野県,王滝村,village,,628,2026-01-01
20430,204307,20,長野県,大桑村,village,,3147,2026-01-01
20432,204323,20,長野県,木曽町,town,,9613,2026-01-01
20446,204463,20,長野県,麻績村,village,,2342,2026-01-01
20448,204480,20,長野県,生坂村,village,,1586,2026-01-01
20450,204501,20,長野県,山形村,village,,8421,2026-01-01
20451,204510,20,長野県,朝日村,village,,4207,2026-01-01
20452,204528,20,長野県,筑北村,village,,3879,2026-01-01
20481,204811,20,長野県,池田町,town,,9006,2026-01-01
20482,204820,20,長野県,松川村,village,,9659,2026-01-01
20485,204854,20,長野県,白馬村,village,,9751,2026-01-01
20486,204862,20,長野県,小谷村,village,,2779,2026-01-01
20521,205214,20,長野県,坂城町,town,,13588,2026-01-01
20541,205419,20,長野県,小布施町,town,,10849,2026-01-01
20543,205435,20,長野県,高山村,village,,6374,2026-01-01
20561,205613,20,長野県,山ノ内町,town,,11114,2026-01-01
20562,205621,20,長野県,木島平村,village,,4167,2026-01-01
20563,205630,20,長野県,野沢温泉村,village,,3603,2026-01-01
20583,205834,20,長野県,信濃町,town,,7402,2026-01-01
20588,205885,20,長野県,小川村,village,,2177,2026-01-01
20590,205907,20,長野県,飯綱町,town,,10131,2026-01-01
20602,206024,20,長野県,栄村,village,,1501,2026-01-01
21000,210005,21,岐阜県,岐阜県,prefecture,,1935253,2026-01-01
21201,212016,21,岐阜県,岐阜市,city,,397364,2026-01-01
21202,212024,21,岐阜県,大垣市,city,,156158,2026-01-01
21203,212032,21,岐阜県,高山市,city,,81590,2026-01-01
21204,212041,21,岐阜県,多治見市,city,,103924,2026-01-01
21205,212059,21,岐阜県,関市,city,,83152,2026-01-01
21206,212067,21,岐阜県,中津川市,city,,72453,2026-01-01
21207,212075,21,岐阜県,美濃市,city,,18719,2026-01-01
21208,212083,21,岐阜県,瑞浪市,city,,34771,2026-01-01
21209,212091,21,岐阜県,羽島市,city,,66151,2026-01-01
21210,212105,21,岐阜県,恵那市,city,,45436,2026-01-01
21211,212113,21,岐阜県,美濃加茂市,city,,57649,2026-01-01
21212,212121,21,岐阜県,土岐市,city,,53471,2026-01-01
21213,212130,21,岐阜県,各務原市,city,,143570,2026-01-01
21214,212148,21,岐阜県,可児市,city,,99275,2026-01-01
21215,212156,21,岐阜県,山県市,city,,24377,2026-01-01
21216,212164,21,岐阜県,瑞穂市,city,,56270,2026-01-01
21217,212172,21,岐阜県,飛騨市,city,,21295,2026-01-01
21218,212181,21,岐阜県,本巣市,city,,32627,2026-01-01
21219,212199,21,岐阜県,郡上市,city,,36973,2026-01-01
21220,212202,21,岐阜県,下呂市,city,,28297,2026-01-01
21221,212211,21,岐阜県,海津市,city,,30995,2026-01-01
21302,213021,21,岐阜県,岐南町,town,,26482,2026-01-01
21303,213039,21,岐阜県,笠松町,town,,21873,2026-01-01
21341,213411,21,岐阜県,養老町,town,,25476,2026-01-01
21361,213616,21,岐阜県,垂井町,town,,25481,2026-01-01
21362,213624,21,岐阜県,関ケ原町,town,,5991,2026-01-01
21381,213811,21,岐阜県,神戸町,town,,18019,2026-01-01
21382,213829,21,岐阜県,輪之内町,town,,8995,2026-01-01
21383,213837,21,岐阜県,安八町,town,,14395,2026-01-01
21401,214019,21,岐阜県,揖斐川町,town,,18254,2026-01-01
21403,214035,21,岐阜県,大野町,town,,21098,2026-01-01
21404,214043,21,岐阜県,池田町,town,,22187,2026-01-01
21421,214213,21,岐阜県,北方町,town,,18552,2026-01-01
21501,215015,21,岐阜県,坂祝町,town,,8231,2026-01-01
21502,215023,21,岐阜県,富加町,town,,5853,2026-01-01
21503,215031,21,岐阜県,川辺町,town,,9704,2026-01-01
21504,215040,21,岐阜県,七宗町,town,,3066,2026-01-01
21505,215058,21,岐阜県,八百津町,town,,9692,2026-01-01
21506,215066,21,岐阜県,白川町,town,,6707,2026-01-01
21507,215074,21,岐阜県,東白川村,village,,1970,2026-01-01
21521,215210,21,岐阜県,御嵩町,town,,17255,2026-01-01
21604,216046,21,岐阜県,白川村,village,,1455,2026-01-01
22000,220001,22,静岡県,静岡県,prefecture,,3544228,2026-01-01
22100,221007,22,静岡県,静岡市,designated_city,,667503,2026-01-01
22130,221309,22,静岡県,浜松市,designated_city,,778346,2026-01-01
22203,222038,22,静岡県,沼津市,city,,183750,2026-01-01
22205,222054,22,静岡県,熱海市,city,,32757,2026-01-01
22206,222062,22,静岡県,三島市,city,,103790,2026-01-01
22207,222071,22,静岡県,富士宮市,city,,125771,2026-01-01
22208,222089,22,静岡県,伊東市,city,,63494,2026-01-01
22209,222097,22,静岡県,島田市,city,,93931,2026-01-01
22210,222101,22,静岡県,富士市,city,,244718,2026-01-01
22211,222119,22,静岡県,磐田市,city,,164056,2026-01-01
22212,222127,22,静岡県,焼津市,city,,134112,2026-01-01
22213,222135,22,静岡県,掛川市,city,,114223,2026-01-01
22214,222143,22,静岡県,藤枝市,city,,138740,2026-01-01
22215,222151,22,静岡県,御殿場市,city,,83034,2026-01-01
22216,222160,22,静岡県,袋井市,city,,87529,2026-01-01
22219,222194,22,静岡県,下田市,city,,18770,2026-01-01
22220,222208,22,静岡県,裾野市,city,,48273,2026-01-01
22221,222216,22,静岡県,湖西市,city,,56667,2026-01-01
22222,222224,22,静岡県,伊豆市,city,,27127,2026-01-01
22223,222232,22,静岡県,御前崎市,city,,29252,2026-01-01
22224,222241,22,静岡県,菊川市,city,,46698,2026-01-01
22225,222259,22,静岡県,伊豆の国市,city,,45395,2026-01-01
22226,222267,22,静岡県,牧之原市,city,,41559,2026-01-01
22301,223018,22,静岡県,東伊豆町,town,,10866,2026-01-01
22302,223026,22,静岡県,河津町,town,,6209,2026-01-01
22304,223042,22,静岡県,南伊豆町,town,,7161,2026-01-01
22305,223051,22,静岡県,松崎町,town,,5489,2026-01-01
22306,223069,22,静岡県,西伊豆町,town,,6407,2026-01-01
22325,223255,22,静岡県,函南町,town,,35945,2026-01-01
22341,223417,22,静岡県,清水町,town,,31482,2026-01-01
22342,223425,22,静岡県,長泉町,town,,43571,2026-01-01
22344,223441,22,静岡県,小山町,town,,16668,2026-01-01
22424,224243,22,静岡県,吉田町,town,,28764,2026-01-01
22429,224294,22,静岡県,川根本町,town,,5511,2026-01-01
22461,224618,22,静岡県,森町,town,,16660,2026-01-01
23000,230006,23,愛知県,愛知県,prefecture,,7473297,2026-01-01
23100,231002,23,愛知県,名古屋市,designated_city,,2310721,2026-01-01
23201,232017,23,愛知県,豊橋市,city,,363320,2026-01-01
23202,232025,23,愛知県,岡崎市,city,,381179,2026-01-01
23203,232033,23,愛知県,一宮市,city,,374964,2026-01-01
23204,232041,23,愛知県,瀬戸市,city,,125175,2026-01-01
23205,232050,23,愛知県,半田市,city,,115281,2026-01-01
23206,232068,23,愛知県,春日井市,city,,305003,2026-01-01
23207,232076,23,愛知県,豊川市,city,,185469,2026-01-01
23208,232084,23,愛知県,津島市,city,,59043,2026-01-01
23209,232092,23,愛知県,碧南市,city,,72045,2026-01-01
23210,232106,23,愛知県,刈谷市,city,,152774,2026-01-01
23211,232114,23,愛知県,豊田市,city,,414241,2026-01-01
23212,232122,23,愛知県,安城市,city,,187448,2026-01-01
23213,232131,23,愛知県,西尾市,city,,169028,2026-01-01
23214,232149,23,愛知県,蒲郡市,city,,76682,2026-01-01
23215,232157,23,愛知県,犬山市,city,,71038,2026-01-01
23216,232165,23,愛知県,常滑市,city,,58474,2026-01-01
23217,232173,23,愛知県,江南市,city,,97764,2026-01-01
23219,232190,23,愛知県,小牧市,city,,148281,2026-01-01
23220,232203,23,愛知県,稲沢市,city,,132336,2026-01-01
23221,232211,23,愛知県,新城市,city,,41602,2026-01-01
23222,232220,23,愛知県,東海市,city,,113281,2026-01-01
23223,232238,23,愛知県,大府市,city,,93227,2026-01-01
23224,232246,23,愛知県,知多市,city,,82685,2026-01-01
23225,232254,23,愛知県,知立市,city,,72726,2026-01-01
23226,232262,23,愛知県,尾張旭市,city,,83692,2026-01-01
23227,232271,23,愛知県,高浜市,city,,48924,2026-01-01
23228,232289,23,愛知県,岩倉市,city,,47942,2026-01-01
23229,232297,23,愛知県,豊明市,city,,67743,2026-01-01
23230,232301,23,愛知県,日進市,city,,94574,2026-01-01
23231,232319,23,愛知県,田原市,city,,57843,2026-01-01
23232,232327,23,愛知県,愛西市,city,,59945,2026-01-01
23233,232335,23,愛知県,清須市,city,,68902,2026-01-01
23234,232343,23,愛知県,北名古屋市,city,,86100,2026-01-01
23235,232351,23,愛知県,弥富市,city,,43424,2026-01-01
23236,232360,23,愛知県,みよし市,city,,61321,2026-01-01
23237,232378,23,愛知県,あま市,city,,87817,2026-01-01
23238,232386,23,愛知県,長久手市,city,,61677,2026-01-01
23302,233021,23,愛知県,東郷町,town,,43901,2026-01-01
23342,233421,23,愛知県,豊山町,town,,15971,2026-01-01
23361,233617,23,愛知県,大口町,town,,23904,2026-01-01
23362,233625,23,愛知県,扶桑町,town,,34890,2026-01-01
23424,234249,23,愛知県,大治町,town,,33694,2026-01-01
23425,234257,23,愛知県,蟹江町,town,,36736,2026-01-01
23427,234273,23,愛知県,飛島村,village,,4726,2026-01-01
23441,234419,23,愛知県,阿久比町,town,,27937,2026-01-01
23442,234427,23,愛知県,東浦町,town,,49715,2026-01-01
23445,234451,23,愛知県,南知多町,town,,15185,2026-01-01
23446,234460,23,愛知県,美浜町,town,,20265,2026-01-01
23447,234478,23,愛知県,武豊町,town,,43315,2026-01-01
23501,235016,23,愛知県,幸田町,town,,41880,2026-01-01
23561,235610,23,愛知県,設楽町,town,,3991,2026-01-01
23562,235628,23,愛知県,東栄町,town,,2610,2026-01-01
23563,235636,23,愛知県,豊根村,village,,886,2026-01-01
24000,240001,24,三重県,三重県,prefecture,,1724891,2026-01-01
24201,242012,24,三重県,津市,city,,266012,2026-01-01
24202,242021,24,三重県,四日市市,city,,305085,2026-01-01
24203,242039,24,三重県,伊勢市,city,,117368,2026-01-01
24204,242047,24,三重県,松阪市,city,,154518,2026-01-01
24205,242055,24,三重県,桑名市,city,,137008,2026-01-01
24207,242071,24,三重県,鈴鹿市,city,,192840,2026-01-01
24208,242080,24,三重県,名張市,city,,73241,2026-01-01
24209,242098,24,三重県,尾鷲市,city,,15041,2026-01-01
24210,242101,24,三重県,亀山市,city,,49098,2026-01-01
24211,242110,24,三重県,鳥羽市,city,,16049,2026-01-01
24212,242128,24,三重県,熊野市,city,,14588,2026-01-01
24214,242144,24,三重県,いなべ市,city,,44421,2026-01-01
24215,242152,24,三重県,志摩市,city,,43026,2026-01-01
24216,242161,24,三重県,伊賀市,city,,83351,2026-01-01
24303,243035,24,三重県,木曽岬町,town,,5858,2026-01-01
24324,243248,24,三重県,東員町,town,,25525,2026-01-01
24341,243418,24,三重県,菰野町,town,,40468,2026-01-01
24343,243434,24,三重県,朝日町,town,,11091,2026-01-01
24344,243442,24,三重県,川越町,town,,15853,2026-01-01
24441,244414,24,三重県,多気町,town,,13429,2026-01-01
24442,244422,24,三重県,明和町,town,,22512,2026-01-01
24443,244431,24,三重県,大台町,town,,8057,2026-01-01
24461,244619,24,三重県,玉城町,town,,14914,2026-01-01
24470,244708,24,三重県,度会町,town,,7395,2026-01-01
24471,244716,24,三重県,大紀町,town,,7008,2026-01-01
24472,244724,24,三重県,南伊勢町,town,,10125,2026-01-01
24543,245437,24,三重県,紀北町,town,,13415,2026-01-01
24561,245615,24,三重県,御浜町,town,,7621,2026-01-01
24562,245623,24,三重県,紀宝町,town,,9974,2026-01-01
25000,250007,25,滋賀県,滋賀県,prefecture,,1400761,2026-01-01
25201,252018,25,滋賀県,大津市,city,,343316,2026-01-01
25202,252026,25,滋賀県,彦根市,city,,110489,2026-01-01
25203,252034,25,滋賀県,長浜市,city,,111156,2026-01-01
25204,252042,25,滋賀県,近江八幡市,city,,81789,2026-01-01
25206,252069,25,滋賀県,草津市,city,,141304,2026-01-01
25207,252077,25,滋賀県,守山市,city,,86135,2026-01-01
25208,252085,25,滋賀県,栗東市,city,,70385,2026-01-01
25209,252093,25,滋賀県,甲賀市,city,,86848,2026-01-01
25210,252107,25,滋賀県,野洲市,city,,50636,2026-01-01
25211,252115,25,滋賀県,湖南市,city,,54063,2026-01-01
25212,252123,25,滋賀県,高島市,city,,44473,2026-01-01
25213,252131,25,滋賀県,東近江市,city,,110677,2026-01-01
25214,252140,25,滋賀県,米原市,city,,36522,2026-01-01
25383,253839,25,滋賀県,日野町,town,,20421,2026-01-01
25384,253847,25,滋賀県,竜王町,town,,11074,2026-01-01
25425,254258,25,滋賀県,愛荘町,town,,20881,2026-01-01
25441,254410,25,滋賀県,豊郷町,town,,7053,2026-01-01
25442,254428,25,滋賀県,甲良町,town,,6297,2026-01-01
25443,254436,25,滋賀県,多賀町,town,,7242,2026-01-01
26000,260002,26,京都府,京都府,prefecture,,2457815,2026-01-01
26100,261009,26,京都府,京都市,designated_city,,1369750,2026-01-01
26201,262013,26,京都府,福知山市,city,,73890,2026-01-01
26202,262021,26,京都府,舞鶴市,city,,73893,2026-01-01
26203,262030,26,京都府,綾部市,city,,30715,2026-01-01
26204,262048,26,京都府,宇治市,city,,178294,2026-01-01
26205,262056,26,京都府,宮津市,city,,15629,2026-01-01
26206,262064,26,京都府,亀岡市,city,,85597,2026-01-01
26207,262072,26,京都府,城陽市,city,,72644,2026-01-01
26208,262081,26,京都府,向日市,city,,55899,2026-01-01
26209,262099,26,京都府,長岡京市,city,,81990,2026-01-01
26210,262102,26,京都府,八幡市,city,,68175,2026-01-01
26211,262111,26,京都府,京田辺市,city,,71840,2026-01-01
26212,262129,26,京都府,京丹後市,city,,49118,2026-01-01
26213,262137,26,京都府,南丹市,city,,29111,2026-01-01
26214,262145,26,京都府,木津川市,city,,79017,2026-01-01
26303,263036,26,京都府,大山崎町,town,,16536,2026-01-01
26322,263222,26,京都府,久御山町,town,,15078,2026-01-01
26343,263435,26,京都府,井手町,town,,6841,2026-01-01
26344,263443,26,京都府,宇治田原町,town,,8570,2026-01-01
26364,263648,26,京都府,笠置町,town,,1033,2026-01-01
26365,263656,26,京都府,和束町,town,,3272,2026-01-01
26366,263664,26,京都府,精華町,town,,35753,2026-01-01
26367,263672,26,京都府,南山城村,village,,2323,2026-01-01
26407,264075,26,京都府,京丹波町,town,,12101,2026-01-01
26463,264636,26,京都府,伊根町,town,,1824,2026-01-01
26465,264652,26,京都府,与謝野町,town,,18922,2026-01-01
27000,270008,27,大阪府,大阪府,prefecture,,8775326,2026-01-01
27100,271004,27,大阪府,大阪市,designated_city,,2798782,2026-01-01
27140,271403,27,大阪府,堺市,designated_city,,809032,2026-01-01
27202,272027,27,大阪府,岸和田市,city,,185713,2026-01-01
27203,272035,27,大阪府,豊中市,city,,405958,2026-01-01
27204,272043,27,大阪府,池田市,city,,102819,2026-01-01
27205,272051,27,大阪府,吹田市,city,,386317,2026-01-01
27206,272060,27,大阪府,泉大津市,city,,72363,2026-01-01
27207,272078,27,大阪府,高槻市,city,,343943,2026-01-01
27208,272086,27,大阪府,貝塚市,city,,80671,2026-01-01
27209,272094,27,大阪府,守口市,city,,140707,2026-01-01
27210,272108,27,大阪府,枚方市,city,,390926,2026-01-01
27211,272116,27,大阪府,茨木市,city,,286089,2026-01-01
27212,272124,27,大阪府,八尾市,city,,257840,2026-01-01
27213,272132,27,大阪府,泉佐野市,city,,99623,2026-01-01
27214,272141,27,大阪府,富田林市,city,,104806,2026-01-01
27215,272159,27,大阪府,寝屋川市,city,,223224,2026-01-01
27216,272167,27,大阪府,河内長野市,city,,96571,2026-01-01
27217,272175,27,大阪府,松原市,city,,115944,2026-01-01
27218,272183,27,大阪府,大東市,city,,114866,2026-01-01
27219,272191,27,大阪府,和泉市,city,,181322,2026-01-01
27220,272205,27,大阪府,箕面市,city,,140585,2026-01-01
27221,272213,27,大阪府,柏原市,city,,66136,2026-01-01
27222,272221,27,大阪府,羽曳野市,city,,106702,2026-01-01
27223,272230,27,大阪府,門真市,city,,115029,2026-01-01
27224,272248,27,大阪府,摂津市,city,,86432,2026-01-01
27225,272256,27,大阪府,高石市,city,,55601,2026-01-01
27226,272264,27,大阪府,藤井寺市,city,,62023,2026-01-01
27227,272272,27,大阪府,東大阪市,city,,478689,2026-01-01
27228,272281,27,大阪府,泉南市,city,,57429,2026-01-01
27229,272299,27,大阪府,四條畷市,city,,53599,2026-01-01
27230,272302,27,大阪府,交野市,city,,77326,2026-01-01
27231,272311,27,大阪府,大阪狭山市,city,,57368,2026-01-01
27232,272329,27,大阪府,阪南市,city,,49402,2026-01-01
27301,273015,27,大阪府,島本町,town,,33235,2026-01-01
27321,273210,27,大阪府,豊能町,town,,17488,2026-01-01
27322,273228,27,大阪府,能勢町,town,,8756,2026-01-01
27341,273414,27,大阪府,忠岡町,town,,16058,2026-01-01
27361,273619,27,大阪府,熊取町,town,,42119,2026-01-01
27362,273627,27,大阪府,田尻町,town,,8386,2026-01-01
27366,273660,27,大阪府,岬町,town,,14040,2026-01-01
27381,273813,27,大阪府,太子町,town,,12581,2026-01-01
27382,273821,27,大阪府,河南町,town,,14280,2026-01-01
27383,273830,27,大阪府,千早赤阪村,village,,4546,2026-01-01
28000,280003,28,兵庫県,兵庫県,prefecture,,5364773,2026-01-01
28100,281000,28,兵庫県,神戸市,designated_city,,1487090,2026-01-01
28201,282014,28,兵庫県,姫路市,city,,520222,2026-01-01
28202,282022,28,兵庫県,尼崎市,city,,458008,2026-01-01
28203,282031,28,兵庫県,明石市,city,,307487,2026-01-01
28204,282049,28,兵庫県,西宮市,city,,479587,2026-01-01
28205,282057,28,兵庫県,洲本市,city,,40233,2026-01-01
28206,282065,28,兵庫県,芦屋市,city,,93349,2026-01-01
28207,282073,28,兵庫県,伊丹市,city,,200931,2026-01-01
28208,282081,28,兵庫県,相生市,city,,26646,2026-01-01
28209,282090,28,兵庫県,豊岡市,city,,73728,2026-01-01
28210,282103,28,兵庫県,加古川市,city,,255592,2026-01-01
28212,282120,28,兵庫県,赤穂市,city,,43475,2026-01-01
28213,282138,28,兵庫県,西脇市,city,,37037,2026-01-01
28214,282146,28,兵庫県,宝塚市,city,,226617,2026-01-01
28215,282154,28,兵庫県,三木市,city,,72286,2026-01-01
28216,282162,28,兵庫県,高砂市,city,,85820,2026-01-01
28217,282171,28,兵庫県,川西市,city,,152198,2026-01-01
28218,282189,28,兵庫県,小野市,city,,46558,2026-01-01
28219,282197,28,兵庫県,三田市,city,,105561,2026-01-01
28220,282201,28,兵庫県,加西市,city,,40973,2026-01-01
28221,282219,28,兵庫県,丹波篠山市,city,,38525,2026-01-01
28222,282227,28,兵庫県,養父市,city,,20485,2026-01-01
28223,282235,28,兵庫県,丹波市,city,,59202,2026-01-01
28224,282243,28,兵庫県,南あわじ市,city,,43065,2026-01-01
28225,282251,28,兵庫県,朝来市,city,,27245,2026-01-01
28226,282260,28,兵庫県,淡路市,city,,40686,2026-01-01
28227,282278,28,兵庫県,宍粟市,city,,33071,2026-01-01
28228,282286,28,兵庫県,加東市,city,,39132,2026-01-01
28229,282294,28,兵庫県,たつの市,city,,71448,2026-01-01
28301,283011,28,兵庫県,猪名川町,town,,28169,2026-01-01
28365,283657,28,兵庫県,多可町,town,,18225,2026-01-01
28381,283819,28,兵庫県,稲美町,town,,30339,2026-01-01
28382,283827,28,兵庫県,播磨町,town,,34765,2026-01-01
28442,284424,28,兵庫県,市川町,town,,10463,2026-01-01
28443,284432,28,兵庫県,福崎町,town,,18373,2026-01-01
28446,284467,28,兵庫県,神河町,town,,9926,2026-01-01
28464,284645,28,兵庫県,太子町,town,,33270,2026-01-01
28481,284815,28,兵庫県,上郡町,town,,13317,2026-01-01
28501,285013,28,兵庫県,佐用町,town,,14340,2026-01-01
28585,285854,28,兵庫県,香美町,town,,14852,2026-01-01
28586,285862,28,兵庫県,新温泉町,town,,12477,2026-01-01
29000,290009,29,奈良県,奈良県,prefecture,,1293345,2026-01-01
29201,292010,29,奈良県,奈良市,city,,344742,2026-01-01
29202,292028,29,奈良県,大和高田市,city,,61336,2026-01-01
29203,292036,29,奈良県,大和郡山市,city,,81833,2026-01-01
29204,292044,29,奈良県,天理市,city,,60034,2026-01-01
29205,292052,29,奈良県,橿原市,city,,117968,2026-01-01
29206,292061,29,奈良県,桜井市,city,,53885,2026-01-01
29207,292079,29,奈良県,五條市,city,,26331,2026-01-01
29208,292087,29,奈良県,御所市,city,,22678,2026-01-01
29209,292095,29,奈良県,生駒市,city,,116171,2026-01-01
29210,292109,29,奈良県,香芝市,city,,77988,2026-01-01
29211,292117,29,奈良県,葛城市,city,,37690,2026-01-01
29212,292125,29,奈良県,宇陀市,city,,26102,2026-01-01
29322,293229,29,奈良県,山添村,village,,2965,2026-01-01
29342,293423,29,奈良県,平群町,town,,18019,2026-01-01
29343,293431,29,奈良県,三郷町,town,,22254,2026-01-01
29344,293440,29,奈良県,斑鳩町,town,,27933,2026-01-01
29345,293458,29,奈良県,安堵町,town,,6890,2026-01-01
29361,293610,29,奈良県,川西町,town,,7956,2026-01-01
29362,293628,29,奈良県,三宅町,town,,6377,2026-01-01
29363,293636,29,奈良県,田原本町,town,,31112,2026-01-01
29385,293857,29,奈良県,曽爾村,village,,1229,2026-01-01
29386,293865,29,奈良県,御杖村,village,,1297,2026-01-01
29401,294012,29,奈良県,高取町,town,,5904,2026-01-01
29402,294021,29,奈良県,明日香村,village,,5000,2026-01-01
29424,294241,29,奈良県,上牧町,town,,20894,2026-01-01
29425,294250,29,奈良県,王寺町,town,,23631,2026-01-01
29426,294268,29,奈良県,広陵町,town,,34879,2026-01-01
29427,294276,29,奈良県,河合町,town,,16373,2026-01-01
29441,294411,29,奈良県,吉野町,town,,5603,2026-01-01
29442,294420,29,奈良県,大淀町,town,,15478,2026-01-01
29443,294438,29,奈良県,下市町,town,,4250,2026-01-01
29444,294446,29,奈良県,黒滝村,village,,576,2026-01-01
29446,294462,29,奈良県,天川村,village,,1175,2026-01-01
29447,294471,29,奈良県,野迫川村,village,,312,2026-01-01
29449,294497,29,奈良県,十津川村,village,,2688,2026-01-01
29450,294501,29,奈良県,下北山村,village,,782,2026-01-01
29451,294519,29,奈良県,上北山村,village,,414,2026-01-01
29452,294527,29,奈良県,川上村,village,,1165,2026-01-01
29453,294535,29,奈良県,東吉野村,village,,1431,2026-01-01
30000,300004,30,和歌山県,和歌山県,prefecture,,889455,2026-01-01
30201,302015,30,和歌山県,和歌山市,city,,349646,2026-01-01
30202,302023,30,和歌山県,海南市,city,,45653,2026-01-01
30203,302031,30,和歌山県,橋本市,city,,58038,2026-01-01
30204,302040,30,和歌山県,有田市,city,,24731,2026-01-01
30205,302058,30,和歌山県,御坊市,city,,20669,2026-01-01
30206,302066,30,和歌山県,田辺市,city,,66157,2026-01-01
30207,302074,30,和歌山県,新宮市,city,,25291,2026-01-01
30208,302082,30,和歌山県,紀の川市,city,,58287,2026-01-01
30209,302091,30,和歌山県,岩出市,city,,53648,2026-01-01
30304,303046,30,和歌山県,紀美野町,town,,7506,2026-01-01
30341,303411,30,和歌山県,かつらぎ町,town,,15063,2026-01-01
30343,303437,30,和歌山県,九度山町,town,,3628,2026-01-01
30344,303445,30,和歌山県,高野町,town,,2578,2026-01-01
30361,303615,30,和歌山県,湯浅町,town,,10527,2026-01-01
30362,303623,30,和歌山県,広川町,town,,6302,2026-01-01
30366,303666,30,和歌山県,有田川町,town,,24656,2026-01-01
30381,303810,30,和歌山県,美浜町,town,,6138,2026-01-01
30382,303828,30,和歌山県,日高町,town,,7916,2026-01-01
30383,303836,30,和歌山県,由良町,town,,4861,2026-01-01
30390,303909,30,和歌山県,印南町,town,,7493,2026-01-01
30391,303917,30,和歌山県,みなべ町,town,,11326,2026-01-01
30392,303925,30,和歌山県,日高川町,town,,8763,2026-01-01
30401,304018,30,和歌山県,白浜町,town,,19432,2026-01-01
30404,304042,30,和歌山県,上富田町,town,,15670,2026-01-01
30406,304069,30,和歌山県,すさみ町,town,,3374,2026-01-01
30421,304212,30,和歌山県,那智勝浦町,town,,13222,2026-01-01
30422,304221,30,和歌山県,太地町,town,,2800,2026-01-01
30424,304247,30,和歌山県,古座川町,town,,2223,2026-01-01
30427,304271,30,和歌山県,北山村,village,,380,2026-01-01
30428,304280,30,和歌山県,串本町,town,,13477,2026-01-01
31000,310000,31,鳥取県,鳥取県,prefecture,,527236,2026-01-01
31201,312011,31,鳥取県,鳥取市,city,,177035,2026-01-01
31202,312029,31,鳥取県,米子市,city,,143115,2026-01-01
31203,312037,31,鳥取県,倉吉市,city,,42994,2026-01-01
31204,312045,31,鳥取県,境港市,city,,32063,2026-01-01
31302,313025,31,鳥取県,岩美町,town,,10543,2026-01-01
31325,313254,31,鳥取県,若桜町,town,,2575,2026-01-01
31328,313289,31,鳥取県,智頭町,town,,5930,2026-01-01
31329,313297,31,鳥取県,八頭町,town,,15178,2026-01-01
31364,313645,31,鳥取県,三朝町,town,,5600,2026-01-01
31370,313700,31,鳥取県,湯梨浜町,town,,16093,2026-01-01
31371,313718,31,鳥取県,琴浦町,town,,15421,2026-01-01
31372,313726,31,鳥取県,北栄町,town,,13946,2026-01-01
31384,313840,31,鳥取県,日吉津村,village,,3585,2026-01-01
31386,313866,31,鳥取県,大山町,town,,14483,2026-01-01
31389,313891,31,鳥取県,南部町,town,,9882,2026-01-01
31390,313904,31,鳥取県,伯耆町,town,,10080,2026-01-01
31401,314013,31,鳥取県,日南町,town,,3731,2026-01-01
31402,314021,31,鳥取県,日野町,town,,2550,2026-01-01
31403,314030,31,鳥取県,江府町,town,,2432,2026-01-01
32000,320005,32,島根県,島根県,prefecture,,634459,2026-01-01
32201,322016,32,島根県,松江市,city,,192512,2026-01-01
32202,322024,32,島根県,浜田市,city,,47498,2026-01-01
32203,322032,32,島根県,出雲市,city,,171488,2026-01-01
32204,322041,32,島根県,益田市,city,,42166,2026-01-01
32205,322059,32,島根県,大田市,city,,30786,2026-01-01
32206,322067,32,島根県,安来市,city,,34486,2026-01-01
32207,322075,32,島根県,江津市,city,,20816,2026-01-01
32209,322091,32,島根県,雲南市,city,,33803,2026-01-01
32343,323438,32,島根県,奥出雲町,town,,10762,2026-01-01
32386,323861,32,島根県,飯南町,town,,4247,2026-01-01
32441,324418,32,島根県,川本町,town,,2927,2026-01-01
32448,324485,32,島根県,美郷町,town,,3950,2026-01-01
32449,324493,32,島根県,邑南町,town,,9305,2026-01-01
32501,325015,32,島根県,津和野町,town,,6225,2026-01-01
32505,325058,32,島根県,吉賀町,town,,5437,2026-01-01
32525,325252,32,島根県,海士町,town,,2253,2026-01-01
32526,325261,32,島根県,西ノ島町,town,,2439,2026-01-01
32527,325279,32,島根県,知夫村,village,,571,2026-01-01
32528,325287,32,島根県,隠岐の島町,town,,12788,2026-01-01
33000,330001,33,岡山県,岡山県,prefecture,,1819524,2026-01-01
33100,331007,33,岡山県,岡山市,designated_city,,692769,2026-01-01
33202,332020,33,岡山県,倉敷市,city,,471025,2026-01-01
33203,332038,33,岡山県,津山市,city,,93627,2026-01-01
33204,332046,33,岡山県,玉野市,city,,53032,2026-01-01
33205,332054,33,岡山県,笠岡市,city,,43028,2026-01-01
33207,332071,33,岡山県,井原市,city,,35886,2026-01-01
33208,332089,33,岡山県,総社市,city,,69642,2026-01-01
33209,332097,33,岡山県,高梁市,city,,25272,2026-01-01
33210,332101,33,岡山県,新見市,city,,25206,2026-01-01
33211,332119,33,岡山県,備前市,city,,30209,2026-01-01
33212,332127,33,岡山県,瀬戸内市,city,,35857,2026-01-01
33213,332135,33,岡山県,赤磐市,city,,42062,2026-01-01
33214,332143,33,岡山県,真庭市,city,,39917,2026-01-01
33215,332151,33,岡山県,美作市,city,,24287,2026-01-01
33216,332160,33,岡山県,浅口市,city,,32253,2026-01-01
33346,333468,33,岡山県,和気町,town,,12648,2026-01-01
33423,334235,33,岡山県,早島町,town,,12742,2026-01-01
33445,334456,33,岡山県,里庄町,town,,10719,2026-01-01
33461,334618,33,岡山県,矢掛町,town,,12848,2026-01-01
33586,335860,33,岡山県,新庄村,village,,755,2026-01-01
33606,336068,33,岡山県,鏡野町,town,,11903,2026-01-01
33622,336220,33,岡山県,勝央町,town,,10625,2026-01-01
33623,336238,33,岡山県,奈義町,town,,5373,2026-01-01
33643,336432,33,岡山県,西粟倉村,village,,1296,2026-01-01
33663,336637,33,岡山県,久米南町,town,,4214,2026-01-01
33666,336661,33,岡山県,美咲町,town,,12315,2026-01-01
33681,336815,33,岡山県,吉備中央町,town,,10014,2026-01-01
34000,340006,34,広島県,広島県,prefecture,,2706285,2026-01-01
34100,341002,34,広島県,広島市,designated_city,,1167911,2026-01-01
34202,342025,34,広島県,呉市,city,,197092,2026-01-01
34203,342033,34,広島県,竹原市,city,,22075,2026-01-01
34204,342041,34,広島県,三原市,city,,85807,2026-01-01
34205,342050,34,広島県,尾道市,city,,124410,2026-01-01
34207,342076,34,広島県,福山市,city,,451867,2026-01-01
34208,342084,34,広島県,府中市,city,,34340,2026-01-01
34209,342092,34,広島県,三次市,city,,47223,2026-01-01
34210,342106,34,広島県,庄原市,city,,30404,2026-01-01
34211,342114,34,広島県,大竹市,city,,25017,2026-01-01
34212,342122,34,広島県,東広島市,city,,191300,2026-01-01
34213,342131,34,広島県,廿日市市,city,,114773,2026-01-01
34214,342149,34,広島県,安芸高田市,city,,25401,2026-01-01
34215,342157,34,広島県,江田島市,city,,20181,2026-01-01
34302,343021,34,広島県,府中町,town,,51777,2026-01-01
34304,343048,34,広島県,海田町,town,,30731,2026-01-01
34307,343072,34,広島県,熊野町,town,,23410,2026-01-01
34309,343099,34,広島県,坂町,town,,12329,2026-01-01
34368,343684,34,広島県,安芸太田町,town,,5223,2026-01-01
34369,343692,34,広島県,北広島町,town,,16648,2026-01-01
34431,344311,34,広島県,大崎上島町,town,,6636,2026-01-01
34462,344621,34,広島県,世羅町,town,,14161,2026-01-01
34545,345458,34,広島県,神石高原町,town,,7569,2026-01-01
35000,350001,35,山口県,山口県,prefecture,,1274535,2026-01-01
35201,352012,35,山口県,下関市,city,,239655,2026-01-01
35202,352021,35,山口県,宇部市,city,,154279,2026-01-01
35203,352039,35,山口県,山口市,city,,184285,2026-01-01
35204,352047,35,山口県,萩市,city,,40516,2026-01-01
35206,352063,35,山口県,防府市,city,,111750,2026-01-01
35207,352071,35,山口県,下松市,city,,56334,2026-01-01
35208,352080,35,山口県,岩国市,city,,122533,2026-01-01
35210,352101,35,山口県,光市,city,,47176,2026-01-01
35211,352110,35,山口県,長門市,city,,29546,2026-01-01
35212,352128,35,山口県,柳井市,city,,28750,2026-01-01
35213,352136,35,山口県,美祢市,city,,20370,2026-01-01
35215,352152,35,山口県,周南市,city,,133088,2026-01-01
35216,352161,35,山口県,山陽小野田市,city,,58118,2026-01-01
35305,353051,35,山口県,周防大島町,town,,13171,2026-01-01
35321,353213,35,山口県,和木町,town,,5617,2026-01-01
35341,353418,35,山口県,上関町,town,,2101,2026-01-01
35343,353434,35,山口県,田布施町,town,,13838,2026-01-01
35344,353442,35,山口県,平生町,town,,10547,2026-01-01
35502,355020,35,山口県,阿武町,town,,2861,2026-01-01
36000,360007,36,徳島県,徳島県,prefecture,,691229,2026-01-01
36201,362018,36,徳島県,徳島市,city,,242618,2026-01-01
36202,362026,36,徳島県,鳴門市,city,,52552,2026-01-01
36203,362034,36,徳島県,小松島市,city,,33936,2026-01-01
36204,362042,36,徳島県,阿南市,city,,66921,2026-01-01
36205,362051,36,徳島県,吉野川市,city,,36891,2026-01-01
36206,362069,36,徳島県,阿波市,city,,33583,2026-01-01
36207,362077,36,徳島県,美馬市,city,,25692,2026-01-01
36208,362085,36,徳島県,三好市,city,,21654,2026-01-01
36301,363014,36,徳島県,勝浦町,town,,4454,2026-01-01
36302,363022,36,徳島県,上勝町,town,,1289,2026-01-01
36321,363219,36,徳島県,佐那河内村,village,,2075,2026-01-01
36341,363413,36,徳島県,石井町,town,,24355,2026-01-01
36342,363421,36,徳島県,神山町,town,,4586,2026-01-01
36368,363685,36,徳島県,那賀町,town,,6797,2026-01-01
36383,363839,36,徳島県,牟岐町,town,,3299,2026-01-01
36387,363871,36,徳島県,美波町,town,,5525,2026-01-01
36388,363880,36,徳島県,海陽町,town,,7965,2026-01-01
36401,364011,36,徳島県,松茂町,town,,14197,2026-01-01
36402,364029,36,徳島県,北島町,town,,23818,2026-01-01
36403,364037,36,徳島県,藍住町,town,,35277,2026-01-01
36404,364045,36,徳島県,板野町,town,,12684,2026-01-01
36405,364053,36,徳島県,上板町,town,,11007,2026-01-01
36468,364681,36,徳島県,つるぎ町,town,,7138,2026-01-01
36489,364894,36,徳島県,東みよし町,town,,12916,2026-01-01
37000,370002,37,香川県,香川県,prefecture,,931812,2026-01-01
37201,372013,37,香川県,高松市,city,,415718,2026-01-01
37202,372021,37,香川県,丸亀市,city,,110484,2026-01-01
37203,372030,37,香川県,坂出市,city,,48902,2026-01-01
37204,372048,37,香川県,善通寺市,city,,29443,2026-01-01
37205,372056,37,香川県,観音寺市,city,,55543,2026-01-01
37206,372064,37,香川県,さぬき市,city,,43490,2026-01-01
37207,372072,37,香川県,東かがわ市,city,,26678,2026-01-01
37208,372081,37,香川県,三豊市,city,,59577,2026-01-01
37322,373222,37,香川県,土庄町,town,,12093,2026-01-01
37324,373249,37,香川県,小豆島町,town,,12814,2026-01-01
37341,373419,37,香川県,三木町,town,,26728,2026-01-01
37364,373648,37,香川県,直島町,town,,2869,2026-01-01
37386,373869,37,香川県,宇多津町,town,,18413,2026-01-01
37387,373877,37,香川県,綾川町,town,,22675,2026-01-01
37403,374032,37,香川県,琴平町,town,,7989,2026-01-01
37404,374041,37,香川県,多度津町,town,,21581,2026-01-01
37406,374067,37,香川県,まんのう町,town,,16815,2026-01-01
38000,380008,38,愛媛県,愛媛県,prefecture,,1279431,2026-01-01
38201,382019,38,愛媛県,松山市,city,,492661,2026-01-01
38202,382027,38,愛媛県,今治市,city,,145611,2026-01-01
38203,382035,38,愛媛県,宇和島市,city,,65462,2026-01-01
38204,382043,38,愛媛県,八幡浜市,city,,29379,2026-01-01
38205,382051,38,愛媛県,新居浜市,city,,111317,2026-01-01
38206,382060,38,愛媛県,西条市,city,,102177,2026-01-01
38207,382078,38,愛媛県,大洲市,city,,38198,2026-01-01
38210,382108,38,愛媛県,伊予市,city,,34661,2026-01-01
38213,382132,38,愛媛県,四国中央市,city,,79536,2026-01-01
38214,382141,38,愛媛県,西予市,city,,32871,2026-01-01
38215,382159,38,愛媛県,東温市,city,,32673,2026-01-01
38356,383562,38,愛媛県,上島町,town,,5921,2026-01-01
38386,383864,38,愛媛県,久万高原町,town,,6693,2026-01-01
38401,384011,38,愛媛県,松前町,town,,30015,2026-01-01
38402,384020,38,愛媛県,砥部町,town,,19977,2026-01-01
38422,384224,38,愛媛県,内子町,town,,14394,2026-01-01
38442,384429,38,愛媛県,伊方町,town,,7496,2026-01-01
38484,384844,38,愛媛県,松野町,town,,3396,2026-01-01
38488,384887,38,愛媛県,鬼北町,town,,8923,2026-01-01
38506,385069,38,愛媛県,愛南町,town,,18070,2026-01-01
39000,390003,39,高知県,高知県,prefecture,,654213,2026-01-01
39201,392014,39,高知県,高知市,city,,308542,2026-01-01
39202,392022,39,高知県,室戸市,city,,10876,2026-01-01
39203,392031,39,高知県,安芸市,city,,15193,2026-01-01
39204,392049,39,高知県,南国市,city,,45512,2026-01-01
39205,392057,39,高知県,土佐市,city,,25235,2026-01-01
39206,392065,39,高知県,須崎市,city,,18772,2026-01-01
39208,392081,39,高知県,宿毛市,city,,17971,2026-01-01
39209,392090,39,高知県,土佐清水市,city,,11190,2026-01-01
39210,392103,39,高知県,四万十市,city,,30924,2026-01-01
39211,392111,39,高知県,香南市,city,,32292,2026-01-01
39212,392120,39,高知県,香美市,city,,24256,2026-01-01
39301,393011,39,高知県,東洋町,town,,1968,2026-01-01
39302,393029,39,高知県,奈半利町,town,,2774,2026-01-01
39303,393037,39,高知県,田野町,town,,2316,2026-01-01
39304,393045,39,高知県,安田町,town,,2186,2026-01-01
39305,393053,39,高知県,北川村,village,,1161,2026-01-01
39306,393061,39,高知県,馬路村,village,,742,2026-01-01
39307,393070,39,高知県,芸西村,village,,3562,2026-01-01
39341,393410,39,高知県,本山町,town,,3052,2026-01-01
39344,393444,39,高知県,大豊町,town,,2867,2026-01-01
39363,393631,39,高知県,土佐町,town,,3417,2026-01-01
39364,393649,39,高知県,大川村,village,,345,2026-01-01
39386,393860,39,高知県,いの町,town,,20518,2026-01-01
39387,393878,39,高知県,仁淀川町,town,,4304,2026-01-01
39401,394017,39,高知県,中土佐町,town,,5650,2026-01-01
39402,394025,39,高知県,佐川町,town,,11524,2026-01-01
39403,394033,39,高知県,越知町,town,,4652,2026-01-01
39405,394050,39,高知県,梼原町,town,,3016,2026-01-01
39410,394106,39,高知県,日高村,village,,4607,2026-01-01
39411,394114,39,高知県,津野町,town,,5044,2026-01-01
39412,394122,39,高知県,四万十町,town,,14530,2026-01-01
39424,394246,39,高知県,大月町,town,,4238,2026-01-01
39427,394271,39,高知県,三原村,village,,1325,2026-01-01
39428,394289,39,高知県,黒潮町,town,,9652,2026-01-01
40000,400009,40,福岡県,福岡県,prefecture,,5076856,2026-01-01
40100,401005,40,福岡県,北九州市,designated_city,,905635,2026-01-01
40130,401307,40,福岡県,福岡市,designated_city,,1620853,2026-01-01
40202,402028,40,福岡県,大牟田市,city,,102782,2026-01-01
40203,402036,40,福岡県,久留米市,city,,299047,2026-01-01
40204,402044,40,福岡県,直方市,city,,54154,2026-01-01
40205,402052,40,福岡県,飯塚市,city,,123413,2026-01-01
40206,402061,40,福岡県,田川市,city,,44065,2026-01-01
40207,402079,40,福岡県,柳川市,city,,60734,2026-01-01
40210,402109,40,福岡県,八女市,city,,58877,2026-01-01
40211,402117,40,福岡県,筑後市,city,,48894,2026-01-01
40212,402125,40,福岡県,大川市,city,,30531,2026-01-01
40213,402133,40,福岡県,行橋市,city,,71813,2026-01-01
40214,402141,40,福岡県,豊前市,city,,22956,2026-01-01
40215,402150,40,福岡県,中間市,city,,38626,2026-01-01
40216,402168,40,福岡県,小郡市,city,,59685,2026-01-01
40217,402176,40,福岡県,筑紫野市,city,,106390,2026-01-01
40218,402184,40,福岡県,春日市,city,,111754,2026-01-01
40219,402192,40,福岡県,大野城市,city,,104025,2026-01-01
40220,402206,40,福岡県,宗像市,city,,96765,2026-01-01
40221,402214,40,福岡県,太宰府市,city,,71580,2026-01-01
40223,402231,40,福岡県,古賀市,city,,58957,2026-01-01
40224,402249,40,福岡県,福津市,city,,69535,2026-01-01
40225,402257,40,福岡県,うきは市,city,,26915,2026-01-01
40226,402265,40,福岡県,宮若市,city,,25563,2026-01-01
40227,402273,40,福岡県,嘉麻市,city,,33355,2026-01-01
40228,402281,40,福岡県,朝倉市,city,,49510,2026-01-01
40229,402290,40,福岡県,みやま市,city,,33609,2026-01-01
40230,402303,40,福岡県,糸島市,city,,104141,2026-01-01
40231,402311,40,福岡県,那珂川市,city,,49221,2026-01-01
40341,403415,40,福岡県,宇美町,town,,36722,2026-01-01
40342,403423,40,福岡県,篠栗町,town,,31274,2026-01-01
40343,403431,40,福岡県,志免町,town,,46274,2026-01-01
40344,403440,40,福岡県,須恵町,town,,29748,2026-01-01
40345,403458,40,福岡県,新宮町,town,,33176,2026-01-01
40348,403482,40,福岡県,久山町,town,,9354,2026-01-01
40349,403491,40,福岡県,粕屋町,town,,48404,2026-01-01
40381,403814,40,福岡県,芦屋町,town,,12486,2026-01-01
40382,403822,40,福岡県,水巻町,town,,27398,2026-01-01
40383,403831,40,福岡県,岡垣町,town,,31081,2026-01-01
40384,403849,40,福岡県,遠賀町,town,,18807,2026-01-01
40401,404012,40,福岡県,小竹町,town,,6798,2026-01-01
40402,404021,40,福岡県,鞍手町,town,,14591,2026-01-01
40421,404217,40,福岡県,桂川町,town,,12669,2026-01-01
40447,404471,40,福岡県,筑前町,town,,30993,2026-01-01
40448,404489,40,福岡県,東峰村,village,,1721,2026-01-01
40503,405035,40,福岡県,大刀洗町,town,,16170,2026-01-01
40522,405221,40,福岡県,大木町,town,,13549,2026-01-01
40544,405442,40,福岡県,広川町,town,,19051,2026-01-01
40601,406015,40,福岡県,香春町,town,,9808,2026-01-01
40602,406023,40,福岡県,添田町,town,,8086,2026-01-01
40604,406040,40,福岡県,糸田町,town,,8120,2026-01-01
40605,406058,40,福岡県,川崎町,town,,14499,2026-01-01
40608,406082,40,福岡県,大任町,town,,4948,2026-01-01
40609,406091,40,福岡県,赤村,village,,2754,2026-01-01
40610,406104,40,福岡県,福智町,town,,20589,2026-01-01
40621,406210,40,福岡県,苅田町,town,,37447,2026-01-01
40625,406252,40,福岡県,みやこ町,town,,17339,2026-01-01
40642,406422,40,福岡県,吉富町,town,,6467,2026-01-01
40646,406465,40,福岡県,上毛町,town,,7077,2026-01-01
40647,406473,40,福岡県,築上町,town,,16071,2026-01-01
41000,410004,41,佐賀県,佐賀県,prefecture,,787887,2026-01-01
41201,412015,41,佐賀県,佐賀市,city,,225361,2026-01-01
41202,412023,41,佐賀県,唐津市,city,,112472,2026-01-01
41203,412031,41,佐賀県,鳥栖市,city,,74337,2026-01-01
41204,412040,41,佐賀県,多久市,city,,17298,2026-01-01
41205,412058,41,佐賀県,伊万里市,city,,50905,2026-01-01
41206,412066,41,佐賀県,武雄市,city,,46368,2026-01-01
41207,412074,41,佐賀県,鹿島市,city,,26863,2026-01-01
41208,412082,41,佐賀県,小城市,city,,43887,2026-01-01
41209,412091,41,佐賀県,嬉野市,city,,24212,2026-01-01
41210,412104,41,佐賀県,神埼市,city,,29898,2026-01-01
41327,413275,41,佐賀県,吉野ヶ里町,town,,16180,2026-01-01
41341,413411,41,佐賀県,基山町,town,,17693,2026-01-01
41345,413453,41,佐賀県,上峰町,town,,9945,2026-01-01
41346,413461,41,佐賀県,みやき町,town,,25755,2026-01-01
41387,413879,41,佐賀県,玄海町,town,,4703,2026-01-01
41401,414018,41,佐賀県,有田町,town,,18251,2026-01-01
41423,414239,41,佐賀県,大町町,town,,5819,2026-01-01
41424,414247,41,佐賀県,江北町,town,,9535,2026-01-01
41425,414255,41,佐賀県,白石町,town,,20722,2026-01-01
41441,414417,41,佐賀県,太良町,town,,7683,2026-01-01
42000,420000,42,長崎県,長崎県,prefecture,,1257843,2026-01-01
42201,422011,42,長崎県,長崎市,city,,385553,2026-01-01
42202,422029,42,長崎県,佐世保市,city,,229941,2026-01-01
42203,422037,42,長崎県,島原市,city,,41396,2026-01-01
42204,422045,42,長崎県,諫早市,city,,132760,2026-01-01
42205,422053,42,長崎県,大村市,city,,99574,2026-01-01
42207,422070,42,長崎県,平戸市,city,,27166,2026-01-01
42208,422088,42,長崎県,松浦市,city,,20052,2026-01-01
42209,422096,42,長崎県,対馬市,city,,26430,2026-01-01
42210,422100,42,長崎県,壱岐市,city,,23222,2026-01-01
42211,422118,42,長崎県,五島市,city,,33116,2026-01-01
42212,422126,42,長崎県,西海市,city,,24356,2026-01-01
42213,422134,42,長崎県,雲仙市,city,,40121,2026-01-01
42214,422142,42,長崎県,南島原市,city,,39790,2026-01-01
42307,423076,42,長崎県,長与町,town,,39252,2026-01-01
42308,423084,42,長崎県,時津町,town,,29068,2026-01-01
42321,423211,42,長崎県,東彼杵町,town,,7254,2026-01-01
42322,423220,42,長崎県,川棚町,town,,12642,2026-01-01
42323,423238,42,長崎県,波佐見町,town,,14025,2026-01-01
42383,423831,42,長崎県,小値賀町,town,,2063,2026-01-01
42391,423912,42,長崎県,佐々町,town,,13831,2026-01-01
42411,424111,42,長崎県,新上五島町,town,,16231,2026-01-01
43000,430005,43,熊本県,熊本県,prefecture,,1702998,2026-01-01
43100,431001,43,熊本県,熊本市,designated_city,,728700,2026-01-01
43202,432024,43,熊本県,八代市,city,,118746,2026-01-01
43203,432032,43,熊本県,人吉市,city,,29084,2026-01-01
43204,432041,43,熊本県,荒尾市,city,,48490,2026-01-01
43205,432059,43,熊本県,水俣市,city,,21142,2026-01-01
43206,432067,43,熊本県,玉名市,city,,61684,2026-01-01
43208,432083,43,熊本県,山鹿市,city,,47378,2026-01-01
43210,432105,43,熊本県,菊池市,city,,46490,2026-01-01
43211,432113,43,熊本県,宇土市,city,,35847,2026-01-01
43212,432121,43,熊本県,上天草市,city,,22851,2026-01-01
43213,432130,43,熊本県,宇城市,city,,55703,2026-01-01
43214,432148,43,熊本県,阿蘇市,city,,23860,2026-01-01
43215,432156,43,熊本県,天草市,city,,70451,2026-01-01
43216,432164,43,熊本県,合志市,city,,65405,2026-01-01
43348,433489,43,熊本県,美里町,town,,8368,2026-01-01
43364,433641,43,熊本県,玉東町,town,,5086,2026-01-01
43367,433675,43,熊本県,南関町,town,,8448,2026-01-01
43368,433683,43,熊本県,長洲町,town,,15089,2026-01-01
43369,433691,43,熊本県,和水町,town,,8866,2026-01-01
43403,434035,43,熊本県,大津町,town,,36408,2026-01-01
43404,434043,43,熊本県,菊陽町,town,,43943,2026-01-01
43423,434230,43,熊本県,南小国町,town,,3743,2026-01-01
43424,434248,43,熊本県,小国町,town,,6135,2026-01-01
43425,434256,43,熊本県,産山村,village,,1310,2026-01-01
43428,434281,43,熊本県,高森町,town,,5758,2026-01-01
43432,434329,43,熊本県,西原村,village,,7114,2026-01-01
43433,434337,43,熊本県,南阿蘇村,village,,9895,2026-01-01
43441,434418,43,熊本県,御船町,town,,17320,2026-01-01
43442,434426,43,熊本県,嘉島町,town,,10388,2026-01-01
43443,434434,43,熊本県,益城町,town,,34443,2026-01-01
43444,434442,43,熊本県,甲佐町,town,,9743,2026-01-01
43447,434477,43,熊本県,山都町,town,,12479,2026-01-01
43468,434680,43,熊本県,氷川町,town,,10496,2026-01-01
43482,434825,43,熊本県,芦北町,town,,14533,2026-01-01
43484,434841,43,熊本県,津奈木町,town,,4001,2026-01-01
43501,435015,43,熊本県,錦町,town,,9979,2026-01-01
43505,435058,43,熊本県,多良木町,town,,8134,2026-01-01
43506,435066,43,熊本県,湯前町,town,,3356,2026-01-01
43507,435074,43,熊本県,水上村,village,,1899,2026-01-01
43510,435104,43,熊本県,相良村,village,,3900,2026-01-01
43511,435112,43,熊本県,五木村,village,,893,2026-01-01
43512,435121,43,熊本県,山江村,village,,3092,2026-01-01
43513,435139,43,熊本県,球磨村,village,,2557,2026-01-01
43514,435147,43,熊本県,あさぎり町,town,,13742,2026-01-01
43531,435317,43,熊本県,苓北町,town,,6049,2026-01-01
44000,440001,44,大分県,大分県,prefecture,,1091304,2026-01-01
44201,442011,44,大分県,大分市,city,,470718,2026-01-01
44202,442020,44,大分県,別府市,city,,111376,2026-01-01
44203,442038,44,大分県,中津市,city,,81132,2026-01-01
44204,442046,44,大分県,日田市,city,,59304,2026-01-01
44205,442054,44,大分県,佐伯市,city,,63121,2026-01-01
44206,442062,44,大分県,臼杵市,city,,34189,2026-01-01
44207,442071,44,大分県,津久見市,city,,14589,2026-01-01
44208,442089,44,大分県,竹田市,city,,18423,2026-01-01
44209,442097,44,大分県,豊後高田市,city,,21553,2026-01-01
44210,442101,44,大分県,杵築市,city,,25771,2026-01-01
44211,442119,44,大分県,宇佐市,city,,51098,2026-01-01
44212,442127,44,大分県,豊後大野市,city,,31193,2026-01-01
44213,442135,44,大分県,由布市,city,,33501,2026-01-01
44214,442143,44,大分県,国東市,city,,24540,2026-01-01
44322,443221,44,大分県,姫島村,village,,1663,2026-01-01
44341,443417,44,大分県,日出町,town,,27613,2026-01-01
44461,444618,44,大分県,九重町,town,,8066,2026-01-01
44462,444626,44,大分県,玖珠町,town,,13454,2026-01-01
45000,450006,45,宮崎県,宮崎県,prefecture,,1036017,2026-01-01
45201,452017,45,宮崎県,宮崎市,city,,391412,2026-01-01
45202,452025,45,宮崎県,都城市,city,,162119,2026-01-01
45203,452033,45,宮崎県,延岡市,city,,111831,2026-01-01
45204,452041,45,宮崎県,日南市,city,,47105,2026-01-01
45205,452050,45,宮崎県,小林市,city,,41142,2026-01-01
45206,452068,45,宮崎県,日向市,city,,57042,2026-01-01
45207,452076,45,宮崎県,串間市,city,,15530,2026-01-01
45208,452084,45,宮崎県,西都市,city,,27783,2026-01-01
45209,452092,45,宮崎県,えびの市,city,,16641,2026-01-01
45341,453412,45,宮崎県,三股町,town,,25427,2026-01-01
45361,453617,45,宮崎県,高原町,town,,8224,2026-01-01
45382,453820,45,宮崎県,国富町,town,,18010,2026-01-01
45383,453838,45,宮崎県,綾町,town,,6730,2026-01-01
45401,454010,45,宮崎県,高鍋町,town,,19038,2026-01-01
45402,454028,45,宮崎県,新富町,town,,16292,2026-01-01
45403,454036,45,宮崎県,西米良村,village,,991,2026-01-01
45404,454044,45,宮崎県,木城町,town,,4630,2026-01-01
45405,454052,45,宮崎県,川南町,town,,14306,2026-01-01
45406,454061,45,宮崎県,都農町,town,,9844,2026-01-01
45421,454214,45,宮崎県,門川町,town,,16799,2026-01-01
45429,454290,45,宮崎県,諸塚村,village,,1353,2026-01-01
45430,454303,45,宮崎県,椎葉村,village,,2334,2026-01-01
45431,454311,45,宮崎県,美郷町,town,,4398,2026-01-01
45441,454419,45,宮崎県,高千穂町,town,,10528,2026-01-01
45442,454427,45,宮崎県,日之影町,town,,3321,2026-01-01
45443,454435,45,宮崎県,五ヶ瀬町,town,,3187,2026-01-01
46000,460001,46,鹿児島県,鹿児島県,prefecture,,1541314,2026-01-01
46201,462012,46,鹿児島県,鹿児島市,city,,587255,2026-01-01
46203,462039,46,鹿児島県,鹿屋市,city,,97576,2026-01-01
46204,462047,46,鹿児島県,枕崎市,city,,18442,2026-01-01
46206,462063,46,鹿児島県,阿久根市,city,,17802,2026-01-01
46208,462080,46,鹿児島県,出水市,city,,50836,2026-01-01
46210,462101,46,鹿児島県,指宿市,city,,36624,2026-01-01
46213,462136,46,鹿児島県,西之表市,city,,13823,2026-01-01
46214,462144,46,鹿児島県,垂水市,city,,12672,2026-01-01
46215,462152,46,鹿児島県,薩摩川内市,city,,89136,2026-01-01
46216,462161,46,鹿児島県,日置市,city,,45667,2026-01-01
46217,462179,46,鹿児島県,曽於市,city,,31478,2026-01-01
46218,462187,46,鹿児島県,霧島市,city,,122408,2026-01-01
46219,462195,46,鹿児島県,いちき串木野市,city,,25376,2026-01-01
46220,462209,46,鹿児島県,南さつま市,city,,30620,2026-01-01
46221,462217,46,鹿児島県,志布志市,city,,28198,2026-01-01
46222,462225,46,鹿児島県,奄美市,city,,39636,2026-01-01
46223,462233,46,鹿児島県,南九州市,city,,30759,2026-01-01
46224,462241,46,鹿児島県,伊佐市,city,,22197,2026-01-01
46225,462250,46,鹿児島県,姶良市,city,,78092,2026-01-01
46303,463035,46,鹿児島県,三島村,village,,356,2026-01-01
46304,463043,46,鹿児島県,十島村,village,,651,2026-01-01
46392,463922,46,鹿児島県,さつま町,town,,18291,2026-01-01
46404,464040,46,鹿児島県,長島町,town,,9150,2026-01-01
46452,464520,46,鹿児島県,湧水町,town,,8114,2026-01-01
46468,464686,46,鹿児島県,大崎町,town,,11775,2026-01-01
46482,464821,46,鹿児島県,東串良町,town,,6285,2026-01-01
46490,464902,46,鹿児島県,錦江町,town,,5972,2026-01-01
46491,464911,46,鹿児島県,南大隅町,town,,5650,2026-01-01
46492,464929,46,鹿児島県,肝付町,town,,13224,2026-01-01
46501,465011,46,鹿児島県,中種子町,town,,7015,2026-01-01
46502,465020,46,鹿児島県,南種子町,town,,5081,2026-01-01
46505,465054,46,鹿児島県,屋久島町,town,,11131,2026-01-01
46523,465232,46,鹿児島県,大和村,village,,1353,2026-01-01
46524,465241,46,鹿児島県,宇検村,village,,1582,2026-01-01
46525,465259,46,鹿児島県,瀬戸内町,town,,7909,2026-01-01
46527,465275,46,鹿児島県,龍郷町,town,,5895,2026-01-01
46529,465291,46,鹿児島県,喜界町,town,,6191,2026-01-01
46530,465305,46,鹿児島県,徳之島町,town,,9617,2026-01-01
46531,465313,46,鹿児島県,天城町,town,,5397,2026-01-01
46532,465321,46,鹿児島県,伊仙町,town,,6002,2026-01-01
46533,465330,46,鹿児島県,和泊町,town,,5869,2026-01-01
46534,465348,46,鹿児島県,知名町,town,,5264,2026-01-01
46535,465356,46,鹿児島県,与論町,town,,4943,2026-01-01
47000,470007,47,沖縄県,沖縄県,prefecture,,1484002,2026-01-01
47201,472018,47,沖縄県,那覇市,city,,312352,2026-01-01
47205,472051,47,沖縄県,宜野湾市,city,,100253,2026-01-01
47207,472077,47,沖縄県,石垣市,city,,49485,2026-01-01
47208,472085,47,沖縄県,浦添市,city,,115545,2026-01-01
47209,472093,47,沖縄県,名護市,city,,65254,2026-01-01
47210,472107,47,沖縄県,糸満市,city,,62225,2026-01-01
47211,472115,47,沖縄県,沖縄市,city,,141812,2026-01-01
47212,472123,47,沖縄県,豊見城市,city,,65893,2026-01-01
47213,472131,47,沖縄県,うるま市,city,,127393,2026-01-01
47214,472140,47,沖縄県,宮古島市,city,,55499,2026-01-01
47215,472158,47,沖縄県,南城市,city,,47325,2026-01-01
47301,473014,47,沖縄県,国頭村,village,,4385,2026-01-01
47302,473022,47,沖縄県,大宜味村,village,,2905,2026-01-01
47303,473031,47,沖縄県,東村,village,,1681,2026-01-01
47306,473065,47,沖縄県,今帰仁村,village,,9126,2026-01-01
47308,473081,47,沖縄県,本部町,town,,12877,2026-01-01
47311,473111,47,沖縄県,恩納村,village,,11233,2026-01-01
47313,473138,47,沖縄県,宜野座村,village,,6616,2026-01-01
47314,473146,47,沖縄県,金武町,town,,11512,2026-01-01
47315,473154,47,沖縄県,伊江村,village,,4201,2026-01-01
47324,473243,47,沖縄県,読谷村,village,,42373,2026-01-01
47325,473251,47,沖縄県,嘉手納町,town,,12951,2026-01-01
47326,473260,47,沖縄県,北谷町,town,,29129,2026-01-01
47327,473278,47,沖縄県,北中城村,village,,17957,2026-01-01
47328,473286,47,沖縄県,中城村,village,,22866,2026-01-01
47329,473294,47,沖縄県,西原町,town,,35545,2026-01-01
47348,473481,47,沖縄県,与那原町,town,,19859,2026-01-01
47350,473502,47,沖縄県,南風原町,town,,41458,2026-01-01
47353,473537,47,沖縄県,渡嘉敷村,village,,646,2026-01-01
47354,473545,47,沖縄県,座間味村,village,,859,2026-01-01
47355,473553,47,沖縄県,粟国村,village,,671,2026-01-01
47356,473561,47,沖縄県,渡名喜村,village,,277,2026-01-01
47357,473570,47,沖縄県,南大東村,village,,1198,2026-01-01
47358,473588,47,沖縄県,北大東村,village,,558,2026-01-01
47359,473596,47,沖縄県,伊平屋村,village,,1205,2026-01-01
47360,473600,47,沖縄県,伊是名村,village,,1243,2026-01-01
47361,473618,47,沖縄県,久米島町,town,,6945,2026-01-01
47362,473626,47,沖縄県,八重瀬町,town,,33727,2026-01-01
47375,473758,47,沖縄県,多良間村,village,,1027,2026-01-01
47381,473812,47,沖縄県,竹富町,town,,4242,2026-01-01
47382,473821,47,沖縄県,与那国町,town,,1694,2026-01-01
